Name;Date;Amount;Category;Notes
Cesar Bahringer;2023-11-30; 803.27 ;food; Earum argentum vere pecco copia altus. 
Lucille Borer;12-14-2023;6711,12;Office;Aptus deserunt recusandae ab socius.
  Anthony Weimann  ;2-17-2023;8780,10;Office;adamo adicio abeo veniam vociferor.
RAMONA VOLKMAN;2023-09-09;5201.46; HEALTH ;Adficio exercitationem cumque vomer.
natalie raynor;1-31-2023;7593.76;food;Ut arbor apparatus tolero pariatur deleniti tam dolorum considero.
jeanne terry dvm;2023-06-18;9972.27;Office;Explicabo voluptatibus adipiscor velit.
Dr. Van Pouros;10-18-2023;6126,09;Health;SUSCIPIO ADMOVEO AUFERO VIDELICET VEL UNUS TERGA MOLLITIA.
Victoria Sawayn;2023-04-23; 7689.05 ;Health;CULTURA TALUS PRAESENTIUM COLLUM.
juan kuhlman iv;2023-05-29; 4307,18 ;Other; VALENS CONIECTO NAM TERRITO TRIBUO THYMBRA THYMUM CONSERVO DEMITTO COAEGRESCO. 
  pat towne-hilll  ;5/5/2023;5044,55;Health;Credo virga acidus cattus consectetur tutamen.
LARRY RATKE;19/1/2023;9738.23; Health ;amplexus dolores terebro corporis toties contego suppellex subvenio conatus repudiandae.
Grady Bauch;5-16-2023;1552.30; Travel ;Ambitus contego antea tibi conspergo suadeo benevolentia.
Lee Donnelly;2023-03-05;1988,80;OTHER;Sursum vulgivagus aegrus defungo conforto uberrime atrocitas cervus admoveo currus.
robyn connelly;19/7/2023;8335,23;Health;adduco theatrum quo.
Ivan Ernser;2023-01-06;7761,59;food;Viscus conduco accusator.
Johnnie Nolan;2023-03-07;7600.17;Health;Accusamus taedium nemo curtus certe sumptus.
  LUTHER KSHLERIN DVM  ;2-2-2023;9137.33;FOOD; adimpleo ventito demergo caelestis viridis cerno avarus suggero tantillus audeo. 
DARNELL CORMIER;7-7-2023;6262.74;office;Tredecim quam tunc sollicito.
DEXTER DOYLE;7-18-2023; 1151.88 ;Other;Vestigium calcar trucido tabgo aestivus taedium.
Mrs. Lois Dickens;31/1/2023;8313.11;OFFICE;Eum caput nostrum absorbeo trucido alienus cariosus.
Anthony Daugherty;2023-12-30;9886,72;Health;Natus rerum casus sumo peior.
MR. DUANE ABSHIRE;8/12/2023;6716.34;Health; usitas pecto spero. 
miss tammy kling jr.;12/1/2023; 8870,75 ;Food;DEPOPULO VALENS VIA.
  Erika Bayer  ;2023-07-02; 4668.64 ; Health ;Deficio dicta testimonium cibus via trado.
Clara Kilback;2023-09-17; 8524,84 ;FOOD; Victus fuga dolores audentia thermae thema solus conventus ambitus calco. 
lauren hansen;4-12-2023;9592,58;Office;Tepesco utpote combibo doloremque tristis omnis cunctatio.
Mrs. Gertrude Kulas;11-23-2023; 7783.26 ;Food;Rerum valens conturbo ars ultio porro creo canto suscipio ventus.
Anita Hackett;2023-03-20;1338,36;travel;Appositus sub molestiae tribuo.
Terrence Ankunding;1/8/2023; 3010.82 ;FOOD;Advenio commemoro suscipio damnatio carus cribro.
Miss Bernice Schaefer;5-4-2023;5990.05;Health;Vomito verecundia cauda celo cedo pecus.
Eva Reilly;9/9/2023;8354.72;office;Alo audeo capillus callide sopor sperno uredo comminor.
Ervin Morar;2023-01-11; 9405.69 ;Travel; Accedo vorago quam angulus ago bellum. 
Rex Upton Jr.;2023-09-07; 9941.40 ;other;Veniam copiose collum depromo bonus theatrum.
Gina Hills;2023-02-17;8823.29;Office;Derideo contigo arceo aestivus sursum considero adamo velut comburo.
Deborah Gusikowski I;3-3-2023; 1139.08 ; Travel ;Vapulus rem quibusdam tenax cibus alienus viridis quae audio cursus.
ELLEN WILLMS;2023-08-05;2319.99;Other;Cattus defessus synagoga.
  Jimmie Weissnat  ;20/8/2023;509.50;Office;Aequus custodia curatio aqua bis natus decipio earum alioqui.
Ignacio Grady;8-21-2023; 2484,01 ;health;Nobis cuppedia claudeo aduro coadunatio ea comedo pecus undique.
Catherine Hauck;1-29-2023;5605,86;travel; argumentum auctus cibus. 
CLARA HAHN;2023-08-30; 6062.94 ;health;Utroque bibo astrum vestrum.
Elaine Torphy;2023-09-12; 9776.74 ;Other;Adfero valetudo adflicto sodalitas at cubicularis.
  Ms. Laurie McLaughlin  ;22/3/2023; 3354,75 ;Travel;Bardus ars pariatur subnecto deludo iure admoveo sursum vulgus.
ELEANOR SCHMIDT III;30/12/2023;3148.81;office;basium thymum blandior.
Brenda Fritsch;18/5/2023;3452.23;food;DEINDE VENTOSUS CALLIDE CUPPEDIA AQUA.
Miss Sabrina McCullough;2023-02-13;5410,61;OTHER;Facilis appositus amitto pecus verecundia canonicus depraedor cattus ars statua.
Juana Schumm MD;10/4/2023;7321.02;Food; Sperno admoveo statim sui compello varius nostrum ambulo ipsum. 
andrew roob;2023-02-09; 8909.86 ;Travel;NEMO ADAUGEO AB VOLUPTATUM TURBA CATTUS EUM UNUS CURSUS.
Richard Russel;2023-05-10;507.64;Health;Patria adhaero ad atque.
BETH ARMSTRONG;30/10/2023;1070.09;other;Velociter ater deripio.
Michael Von;2023-02-28;3066.90;office;NATUS DEGUSTO CONIURATIO NOBIS TIMIDUS TREPIDE ARBOR CAUDA TRIUMPHUS CARCER.
lynn streich;2023-12-01;5024,89;health;DENS CIBO QUIA VEL VIRTUS.
lillie lynch;20/11/2023;4428,84;Travel;Optio accendo vetus.
fred reinger;11/10/2023;911.61;Other; Thymum creo decens animi angulus eos versus. 
rosalie rohan;30/8/2023;5469.67;Other; Suadeo fuga suscipio vaco adiuvo caveo. 
Bryan Purdy;2023-11-28;80,51; office ;dicta ascit comitatus sed tamisium defessus.
jackie kihn;6-12-2023;1853.65;office;Caelum ait quam turpis decet assumenda.
Isaac Kris;29/1/2023;9085.09;HEALTH;Tendo desparatus sub ipsam repellat ultio theatrum.
  Marc Kuhn  ;10-30-2023;9781.64;Health;Spargo tametsi dapifer depulso iure voluptate.
  Rene Adams  ;29/8/2023;2012.03;Travel; Ipsam comparo accommodo textus coniuratio tremo. 
DR. FELIX FRANECKI;2023-11-15; 2214.49 ;travel;aufero speciosus laborum canonicus deripio amiculum suscipit.
Dr. Miranda Morissette III;14/4/2023;9724.95;Travel;Conventus armarium complectus vitiosus soleo ubi.
SHAWN DUBUQUE;10/12/2023;9268.10;FOOD;deripio tantum statim adversus undique averto.
Elias Roberts;11-5-2023;8784.80;Health; Colo cubo aeneus inflammatio ipsum tabella. 
Mr. Tim Ziemann;11/11/2023; 4637,30 ; Other ;Curso contigo cubicularis curatio minima ipsa utor.
  Ronald Rolfson  ;12-30-2023; 7061,90 ;Health; Caterva illum atque. 
eileen fay;6/3/2023;9872.62;travel;TEXTILIS SUSTINEO BIBO AMITA.
Sarah Lueilwitz;2023-10-23;1336,50; Other ; Caste beatus custodia averto sit adnuo libero voveo vesco. 
ERIKA KILBACK;9-30-2023;8722.52; Travel ;BAIULUS TUTAMEN ATER QUISQUAM DEFICIO UMBRA TOTUS TORQUEO AEQUITAS VILITAS.
anita thiel;22/11/2023;7551,30;TRAVEL;deleniti suscipio venio cornu tremo tamquam virtus carus vir vetus.
Colleen Anderson-Gleichner;2023-05-03;7632,10;Food;Villa alius tibi ancilla arx bestia conforto collum comes.
Shannon Torphy;6-21-2023;6663.91;travel;varietas consectetur combibo charisma conicio conitor amitto sumptus spes correptius.
Cesar Auer;10-12-2023;4105.84;Health;Somniculosus civitas consequuntur demergo concido teneo.
LEON WINDLER I;2023-05-30;8796,12;Other;Eos tempore constans cunabula deinde acies.
  Albert Skiles  ;10-2-2023;5096.96;Travel; Usque facere cruciamentum textor custodia aestivus. 
PEARL HALEY JR.;13/1/2023; 8201,88 ;Health; Testimonium pecto credo. 
audrey shanahan;15/9/2023;3957,38;Health;Arcesso quasi pax sollicito alter adsidue degenero demo modi ante.
clifford howell;2023-10-02; 4801.48 ;Travel;Volo perferendis voco somniculosus angustus adhaero.
Dr. Alfredo O'Connell;2023-01-02;4044,23;Other;Video alter creta sperno color.
  Elbert McDermott I  ;24/11/2023;4692.21;Food; Curo pauci cornu cariosus. 
TARA BECKER;5-28-2023; 3282,83 ;FOOD;adaugeo amplexus depromo caste facere adipisci traho tutis ultra cur.
Ervin Turner;2023-06-21;2018.09;Office;Ipsam similique apostolus.
LUTHER DICKI;5/8/2023;2345,55; health ;Voro assentator talis corporis.
Jeannie Hilpert;2023-03-11;5305.34;Office; Sonitus tabesco debilito est auxilium theca deficio nesciunt varietas traho. 
Shelly Bartoletti;27/8/2023;7370,97;travel;Spoliatio tamdiu vulgaris itaque utpote aeternus fuga accommodo cado audacia.
Daniel Green;11/6/2023;1563,42;Travel;ARBOR SUBITO DEGENERO CUR BENIGNE MOLESTIAE.
Clarence Morar;8-19-2023;3294,33; Office ; Vulariter curiositas modi. 
June Beier;9-24-2023;1325,84; Food ;Decretum audentia arcesso ars adhaero templum vorax volup patrocinor volo.
eloise hudson;2023-02-19;5893.37;travel; Vitium aureus creo depulso stabilis inventore. 
MARYANN FEEST;2023-11-26;5094,32; Health ; Adsuesco cavus atqui accusamus astrum ullam contigo earum. 
April Schmeler;2023-03-25;8368.09; Food ;CONTURBO VICISSITUDO APPROBO.
Wilbert Osinski;15/7/2023;7445.64;Food;Temperantia contabesco denique consectetur deleniti adversus antea agnitio pecco ventus.
Travis Grimes;2023-08-10;1263.16;Health;Vae cras voluptates laudantium tardus perferendis cribro color vomica.
Nicolas Spinka V;8-6-2023;7413.58; Other ; SINT CLAM DEINDE USUS CAECUS DELINQUO BENE CURIA. 
Molly Stracke;2023-01-31;8658.38;office;ACQUIRO VITAE TREDECIM AEGRUS BESTIA TUTAMEN.
christopher medhurst;29/1/2023;1960.86;other;TOTAM DECET TURBO VOLUTABRUM TERGO CRAS ADFERO AEGER ALIOQUI.
Dan Rau;2023-01-23;252.61;Health; Spes defungo sordeo aetas. 
Leon Grady;2023-08-07;1716.42;food;Speciosus verumtamen odit.
  Caroline Kuvalis  ;2-11-2023;6760,61;Travel;desidero succedo deserunt tenuis thema creator synagoga textor velit terra.
Sophia Feeney;2023-05-07; 3446.19 ;FOOD;Amplitudo catena clam tolero verbum architecto vero.
Guadalupe Walter;18/3/2023;17.26; food ;ADHUC SORDEO VITO SUGGERO.
MAGGIE BINS;1-24-2023; 6733.24 ;Other;CRESCO CONTEGO CARMEN ARBOR CIRCUMVENIO.
  Gabriel Rice Sr.  ;9-10-2023; 4723.55 ;Office; Vilis adversus cotidie defetiscor. 
Shane Lindgren PhD;2023-12-08;1188.03;health; Deludo animus quo asperiores trado tutamen. 
Don Fay;6-9-2023;5508,30;Other;TERREO UXOR URBS ANCILLA TACTUS MINIMA ALIENUS.
mr. lamar hoeger i;2023-12-15;3347,78;food;Vulgus damnatio tonsor aptus cedo ademptio appello verus.
hannah pollich;28/11/2023;4494.59; Travel ; VER VULGO ANGULUS VILIS SUB. 
Darrin Wyman;2023-10-02;1152.64;Office;Solutio commodi universe anser atqui.
  Cornelius Rogahn  ;10/11/2023;8695.39; food ;thymbra demum quaerat brevis acquiro complectus.
becky stoltenberg-lind;16/2/2023;8680,00;other;CIVIS URBANUS CORROBORO STATIM DESINO COPIA.
Annette Bogan IV;2023-10-10; 2780.98 ;Health;Desolo suscipio subiungo.
Brad Bashirian;14/11/2023;7295,48;Food;Trans deripio alo conventus vestrum.
MELODY HAMMES;27/2/2023;5931,40;Health;ab compello cedo statua rerum cohors centum.
joseph stracke;15/10/2023;3305,72; OFFICE ;Curatio tabesco amplitudo adflicto balbus corpus.
  Minnie Abshire II  ;2023-12-04;9328,64; Health ;Cresco carmen creo.
Mrs. Jeanette Runolfsdottir;5-1-2023; 6743.12 ;Office; cinis teneo vaco succurro coniuratio vester volva cimentarius. 
LEVI ADAMS;12/1/2023; 8178,66 ;food;Ante bene confido.
  Lynne Mitchell IV  ;2023-05-31;8566.42;Food;vetus quo peior.
Dr. Raul Schaefer Sr.;7-14-2023;4103.51;Other;Sol charisma advoco pauci.
glen dubuque dvm;8-23-2023;9783.42;Other;quod approbo bis attonbitus crux amet creptio.
michele feil;12-22-2023;3957.35;TRAVEL;Canis calculus consectetur color sit vesica accusantium animi cur.
kelly mccullough;2023-10-10;2720.91;Other;Patruus cibus aureus taceo beatus succedo ambulo adipisci stultus crux.
dolores bahringer dvm;27/9/2023;3921,86;Office;Iste cursus calcar quod vapulus ultra conforto.
Miranda Ratke;18/6/2023; 5785,36 ;other;Bestia auditor victoria vorago consectetur suffoco tamquam aegrus viriliter.
alison schultz;28/7/2023;1219.69;Health;Truculenter attonbitus voluptate tabella maxime nisi blanditiis.
Forrest DuBuque;5/4/2023;3106,42;Health;Patrocinor defessus copia acer administratio quos conspergo suffoco congregatio theca.
Mr. Louis Halvorson;2023-05-23;6630.33;Health;compono molestias terra vergo decretum.
Connie Berge;2-8-2023;7822,13;Travel;Amaritudo vado utor cribro creator.
mr. troy terry;8-24-2023; 5844.89 ; office ; VOLUTABRUM APOSTOLUS VOLUBILIS AUT CORROBORO COGITO CURRICULUM VALETUDO. 
Gladys Veum;8-17-2023; 809,13 ;Food; Subito capto coerceo tumultus callide tenax adiuvo creta teres. 
Candice Kemmer;3-12-2023;995.00;TRAVEL; VACO CONSTANS ANNUS. 
Miss Yolanda O'Conner;25/3/2023; 5558,63 ;Food; vulticulus vito summopere sapiente tametsi peior stella collum virgo. 
Jonathan Gislason;12-20-2023;7931.67;HEALTH;CREBRO APOSTOLUS COHAERO ADVERSUS ABSTERGO ALVEUS CONATUS VENIAM ARX APPONO.
Emilio Mraz;11-19-2023;83.43;Office;Deripio texo pecto arbor timidus.
MITCHELL LIND;22/6/2023;7733,26;Travel;Tepesco cursim admoveo convoco.
Ivan Ziemann;1-15-2023;6251.41;Office; Tametsi audacia tandem compono adficio decimus denego. 
  Tara Lubowitz  ;2023-09-29;3434.13; Travel ;Dolore rem exercitationem rem.
  Irene Trantow  ;29/1/2023;4094.25;FOOD;AETERNUS DECET CUBO PAENS ALLATUS.
Susan Fay;10-5-2023;504,57;travel; Pax vulgus placeat defaeco termes solum crudelis comptus deludo depopulo. 
manuel corwin;2023-06-03;2441.53;Other;Torrens spectaculum vitium commodi sum audentia.
Percy Sauer;12-18-2023;9368,99;HEALTH; CILICIUM CONCULCO ACIDUS ILLO SUSTINEO VALENS SAPIENTE EUM CONSEQUUNTUR. 
Dr. Ramon Berge-Jacobi Jr.;2023-05-17;7025.36;Travel; adopto patrocinor alii temperantia ocer similique crebro atqui. 
  Mrs. Betsy Effertz  ;3-10-2023;2631,46;Travel;Victoria subseco auxilium patria bibo itaque expedita tunc.
Patti Tromp;17/2/2023;1823.73; Health ; CONOR VULGARIS CREATOR CRUSTULUM DOLORIBUS ADVOCO TRACTO. 
Melvin Mills;3-4-2023;6235.60;Food;Vilicus tollo desparatus.
Becky Howell;29/5/2023;2997.00;Travel;Vinum cariosus brevis vereor speculum.
Hilda Wyman;18/12/2023; 8344.24 ;HEALTH;TOTIDEM ATTONBITUS ADURO SUUS BIBO.
  Lorene Smith  ;18/10/2023;4058.35;HEALTH;Possimus arceo demergo vomica speciosus denego tripudio.
CRAIG MERTZ;5-16-2023;1836.99;Travel;Cursim arbustum vester casso totam beneficium.
  justin vandervort-o'connell  ;3/5/2023;999.55;Office;Non nisi incidunt commemoro defluo bestia aedificium decerno cribro.
CONSTANCE MURPHY;6/8/2023;1354.67;Health; Officia adulescens creta crinis sequi substantia. 
  MARLON THIEL  ;6-11-2023;2673,99; Other ;eum ventus calamitas clibanus spargo surculus barba ipsa maiores callide.
Rosemarie DuBuque;5-9-2023; 2546,10 ; Food ;Turba una curtus error thema versus tamen verto verumtamen spectaculum.
TRICIA MORAR II;25/8/2023;7161,34;Health; Tabgo strues creta tabernus circumvenio. 
Janis Prosacco;2023-04-29;8859.42;Travel;Aspicio absens paulatim allatus tendo truculenter.
Dr. Irvin Little;9-16-2023;6160.91; food ;Cervus blanditiis nostrum aperio alienus.
  MURIEL MCKENZIE  ;10-1-2023;4474.00;office; calcar vulgivagus beatae vomer apto caveo tamquam deprecator. 
Caleb Boehm;2023-02-10;9763.81;travel; ARANEA TENDO CRUENTUS. 
Elvira Grant;10-18-2023;8197.78;OFFICE;Aedificium sperno deporto turbo acceptus.
Benjamin Graham;11-5-2023; 2203,24 ;FOOD;Celebrer canonicus decretum.
Bert O'Kon III;5-14-2023;4284.22;Other; Solutio vehemens in. 
  Dr. Robert Stark IV  ;8-13-2023;881,95;Office;Alo cohaero sol administratio tabgo currus aestas delinquo volaticus solio.
kyle hessel;9-22-2023;5024.82; Other ;Arcus vos sublime traho aveho corrupti brevis infit cruentus corrumpo.
Mrs. Lorraine Hegmann;2023-12-30; 8422.26 ;Health;Videlicet comminor advenio demonstro vinculum armarium ipsa sunt.
Anthony Runolfsdottir;2-18-2023;1869.16;Food;quod solutio testimonium caelum.
DR. LENA WOLF;2023-09-21;5173.02;other;distinctio cibus optio xiphias.
Wanda Kutch Sr.;2023-05-11;7233.73;travel;Censura excepturi sint cenaculum molestiae artificiose.
Jeannie Rath;4/7/2023;9270.33;HEALTH; Temporibus utrum cito carbo. 
brian bechtelar;24/3/2023; 1655.06 ;Travel; Velum unus celebrer similique commemoro pecco arbustum. 
dominick lebsack;1-25-2023;8654,18;FOOD;ater tener vesica.
  emanuel graham  ;2023-08-28; 7317,09 ;office; Laboriosam astrum cresco. 
BOBBY MAYERT;1-27-2023;3171.89;Food;Ter utrum audax unus assumenda turbo depereo.
Miss Olivia Lindgren;6-14-2023;419.99; Office ;Ager adficio uter corona accedo speciosus chirographum tyrannus turbo tantillus.
Vera O'Keefe;2023-01-24;9517.62;HEALTH;Aliqua angustus atque vito cohors synagoga.
Raquel Bailey;2023-10-29;2794.43;Travel;Statim adeo vestrum traho contego reprehenderit aestivus.
Lana Turner;2023-12-12;4758.93;health;Infit abscido expedita spero vulgus socius aeger.
RACHEL VEUM;10-1-2023; 5296.24 ;office; Tenuis cuppedia debilito cernuus sum cinis. 
TERRELL POLLICH;20/2/2023;3606,64;travel;Aiunt esse qui spectaculum vitae amo cruciamentum timor cupio decor.
  dr. terrance donnelly  ;12-17-2023;7283.18; food ;vesco convoco consuasor cenaculum delectus valeo.
Delores Altenwerth;2023-01-19;7886.89;office; Celo pauci accusator usque tersus claustrum nisi umbra sumo. 
ora stoltenberg md;7-22-2023;6722,18;Travel;Vestrum ventito animadverto optio bene alias advenio consequuntur ustulo sodalitas.
Dallas Frami;9-20-2023;332.18; health ;Cohibeo capillus depopulo pauper.
erica harris;16/4/2023;1483.97;Office;Libero adeo ulciscor denique.
Sheri Auer;2023-09-11;6345.63;Food;Debilito strues absens volo.
Kelli Reilly-Ortiz;2023-05-30;5907.59;Food;Aperiam dolorum ante.
  Mrs. Katie Doyle  ;2023-06-13;7958,33;Food;CRAPULA SAPIENTE ILLO.
Tom Moore-Dach;1-26-2023;6189.78;other;TRISTIS PECCATUS DERIPIO VESPER UMERUS AMOR ET VITO.
  Aubrey Torp-Reichert  ;9-16-2023;6474.08; Office ; Vito supellex quo calamitas conitor conitor depopulo compono uxor comitatus. 
Dr. Carroll Erdman;16/5/2023; 3554,82 ;Other;VIA AT TOLLO.
CASEY CHAMPLIN-SCHAEFER;25/3/2023;633,22;food; summisse defluo xiphias itaque repellat. 
DR. FREDRICK SCHMELER;28/8/2023;8294,30;Office; Verecundia ante cunabula vulnero illum exercitationem. 
Kristi Russel;27/11/2023;6317.86;Health;Carbo adeptio trepide tardus.
Dr. Malcolm Schultz;11/4/2023;9194,42;OFFICE;Venustas commodi rem.
Lisa Larkin;2-24-2023;1.92;travel;Stips voveo conservo possimus debilito abutor cruentus surculus.
Shirley Rowe DVM;2023-06-13;8061,50;health;Quasi delibero tandem crapula demonstro fugiat adhaero viridis temeritas clam.
Ann Pagac;23/12/2023;6173.95;OTHER;umquam tibi charisma.
  lonnie murazik  ;17/1/2023; 4344.88 ; office ;bellum ulterius cicuta demum cras aestus stabilis arbor venustas cervus.
Elizabeth Braun;2023-06-23;5813,78; Office ; strenuus compono creo acquiro titulus. 
CARMEN KOSS;2023-08-01;1109.31;Office;ea artificiose arbitro sopor spoliatio culpa cohibeo absorbeo verecundia vigor.
Greg Ryan;2023-01-13;9708,54;FOOD; subnecto contego synagoga comparo benigne defero urbanus suggero cornu audentia. 
MR. TOM HAAG;11-26-2023;8460,76;Health;Templum recusandae conicio curatio animadverto carus consequuntur laudantium.
WHITNEY FRAMI;2023-02-25;4276.23;Food;solitudo fugit reprehenderit unde crux vulgus reprehenderit quae adfectus.
  jermaine dietrich  ;21/12/2023; 6239.72 ;FOOD;Admiratio creator ullus apparatus adipiscor triduana defungo arceo sollicito.
  Dr. Carlos Fisher  ;12-28-2023;2063,28;other;Cibo explicabo vester turbo atrox ratione.
Josh Wisozk;2023-08-13; 1627.52 ;Travel; DEDUCO CRUDELIS TOT APPARATUS NISI QUISQUAM VIRGA STRUES. 
  diana davis iii  ;7/1/2023; 2302,93 ;food;Ubi certus degenero deduco talus creator capto cotidie.
  danny christiansen  ;2023-10-17;8773.30;Other; Tendo bonus quibusdam bonus. 
Andre Cummings;4-27-2023;3933,53; HEALTH ;Arbor tam tutamen demum voluptatem copiose calamitas.
Miss Lora Heller;6-19-2023;1037.80;Food;Dolores amita reprehenderit repudiandae id vulticulus sursum.
Camille Bode;9-27-2023;5024.90;Travel;solutio quod vulgo decens vereor templum ulterius nulla.
  Cynthia Kiehn  ;5/2/2023;9756.23;Travel;Cresco vespillo caritas denuo pecus tres pecco antiquus tabesco.
MISS VICKI REMPEL-OKUNEVA JR.;1-23-2023;9130.68;FOOD;ACIES DEFENDO DOLOREMQUE AMBITUS SORDEO AQUA TUNC.
willard stanton;19/3/2023;5041,01;Health;CULPA NESCIUNT STRUES CAPILLUS IPSA.
Mr. Clifton Stracke;24/11/2023; 6070,56 ;OTHER;Dolor supra tracto abduco virgo cognomen suffoco theatrum blandior explicabo.
TRACEY ORTIZ;2023-05-13;105.91; Health ;Depono spargo uberrime tutis acquiro vester textilis.
Ann Krajcik;2-26-2023;9262.43;office;Somniculosus conatus terror tricesimus debitis.
  bryan cruickshank phd  ;2023-11-03;7498,42;Travel;Ultra averto vulariter.
SHERMAN STROSIN;7-25-2023;7508.03; Health ;Truculenter caecus consequuntur adaugeo tyrannus fuga video amoveo despecto.
  stacey boyle  ;19/3/2023;8528,85;Other;Caecus cruciamentum annus voveo.
Timmy Nikolaus;31/7/2023;4267,86; food ;Sub defero talio.
Miss Gail Ledner;2023-03-02; 7414.41 ;other;Tutis careo copiose volaticus iure trepide officiis suus venustas.
STEVE OBERBRUNNER;2023-04-28;8946.01;TRAVEL;Similique cunabula corrigo titulus sui bellum magnam absum utrum.
  krista collins ii  ;9-6-2023;2062.82;OTHER;Molestiae somnus alias torqueo.
Lorene Jakubowski;18/11/2023;8985.97;OTHER;Video cultellus carbo vitae sopor adaugeo cito acies uberrime.
  Pedro Block Jr.  ;4/10/2023;302.41;food;Aetas blanditiis utrimque adipiscor aperiam quae.
  Kelley Spinka  ;2023-05-18;155.49; Health ; Viridis defluo antepono. 
Melody Effertz;21/5/2023;1867.95;Office;Triumphus modi arbitro desipio veritas tactus sublime colligo uter tenus.
  Douglas Paucek  ;2023-02-16;4155,23;Food;adiuvo aliqua vester blanditiis succedo.
leo wuckert v;2023-09-27; 1068.52 ;office;CARUS CAELESTIS ASPICIO BLANDITIIS COGITO DELIBERO.
BARBARA JASKOLSKI;13/12/2023;7003.26;office;Hic odio demo cursim deficio adficio desidero deinde stillicidium.
VERONICA SHIELDS;2023-07-12;8412.21;FOOD;Molestias tribuo suffoco decerno thema repellat.
Mr. Homer Lynch;14/4/2023;112.97;Health;Solutio armarium maxime soleo officiis numquam video.
OMAR KUVALIS;6-1-2023;6018,82;Travel;Asperiores cohibeo vomer tempora.
MS. ESTHER METZ;8/5/2023;7612.44;travel;Eum quaerat conor careo sit dolores caelestis tempora assumenda.
MANDY KREIGER;12-18-2023;5246.43; OTHER ;Peior contabesco ex stips eos aestus ad vesica verecundia creptio.
  STEWART BARTON  ;2023-07-22;1447.65; Travel ;TEPESCO COMBURO VOCO DEPEREO SOLUM CHARISMA QUO THORAX COLO VORO.
Guadalupe Walter;6-27-2023;1407.39; Travel ;Suffragium decimus speculum vix.
Mrs. Inez Buckridge;2023-11-28;8200.55;Other;Volubilis voluptatum libero conspergo viduo vomer.
Mona Jacobi;9/2/2023;3039.29;OFFICE;IPSAM CONATUS CONTIGO DEMERGO ADMITTO USTULO ACQUIRO VACO CHIROGRAPHUM.
Marie Harris;6-19-2023;1041,16;Food;ARS XIPHIAS ANGELUS TENUIS CULTELLUS EXPLICABO.
Bradley Hoeger;10-8-2023;6271.56;Health;QUO SUBLIME ASPERIORES.
Judith Kutch;7-13-2023; 7210.92 ;HEALTH;Tot utilis ullam solitudo sufficio valde.
Jessie Lockman;8-7-2023;7432.22;Other;Surculus defero minima torqueo assumenda audentia attollo despecto carus.
Charlie O'Kon;6/3/2023;524.46; food ; Pauci degusto baiulus vivo cauda iste paulatim. 
Katrina Kozey;24/10/2023;2020.47; health ;Argumentum adversus villa.
evelyn ledner;12/5/2023;4756.88;Travel;demonstro sequi tribuo cumque.
STELLA CASSIN SR.;9-2-2023;8658.08; Travel ;coniecto possimus verus vehemens utilis blanditiis uredo damnatio suggero.
Whitney Cummerata IV;10-3-2023;3062.45;health;Solvo sit suspendo annus tristis demoror conitor allatus.
Thelma Wisoky-Cartwright;23/4/2023;6250.87; office ;DEPRIMO CIVITAS CUPIO SUM.
Miss Francis Glover;11/6/2023;2231.83;Office; Sperno temperantia claudeo cruentus votum certus. 
DR. ARTURO KERLUKE;2023-02-19;9776.17;Health;Uredo cometes blanditiis vix aggero articulus.
  Tricia Collier  ;27/4/2023;319.80;Travel; quod administratio conscendo denuncio currus supellex appositus attero. 
Frank Kub-Jacobson;11-10-2023; 9262.01 ;health;claro volutabrum deinde cito aeneus curso.
bert turner;2023-04-28;5628.36;Other; suadeo blandior contra angustus celo auctus patior virga curis. 
leonard schumm;2023-05-31; 8135,34 ;health;Temperantia perspiciatis dolorem thorax cogito.
sophia pfannerstill;27/10/2023; 2710.80 ; Travel ;Teres decipio vero utpote soluta cohors aqua ara.
  ELLEN POUROS  ;8-22-2023;5053.55; Health ; Voco alo vicissitudo dapifer conqueror comitatus paens. 
BOB KRAJCIK;26/4/2023;3389,32; Food ;Adipiscor voco cuius vilicus advenio defungo.
Jeremiah Sporer;2023-05-09;5018.33;Other;Adfectus sumo quas.
Lisa Hackett;13/5/2023;1150,27;Other;Deficio conforto vulnus patrocinor ulciscor cado.
jean krajcik;12-2-2023;2000.32;Food; Templum dapifer cornu amaritudo accommodo commodo stipes voro bos cedo. 
Ronnie Ferry;14/4/2023;9692.24;health;Aufero denique auxilium alveus angulus nam.
howard brekke;28/3/2023;6268.69;Office;Synagoga denuo mollitia temptatio utor cupiditas.
francisco klein;2-10-2023;1167.29;Other;Arcesso conatus eius sed delego vitiosus perspiciatis provident spoliatio.
  gary rutherford  ;4-12-2023;619.88;Other; Aeger amplexus theca absque esse dapifer aliquam capitulus aperiam textor. 
jeannette wintheiser;3-26-2023;439.29;OTHER;UTERQUE DEPRIMO SUBLIME VENTOSUS.
  alexis beier  ;2023-10-31; 9157.48 ;Health;DEINDE CARIES SUPPONO.
marion ritchie;2023-10-06; 1013.02 ;Other;Defleo tersus vomer bardus conqueror.
Mr. Andres Johnston;6-4-2023;1019.49;Food;Solus atavus verumtamen amplitudo condico aspicio.
  June Purdy  ;1-3-2023;7035,17;travel; Animadverto at turbo uter demulceo angelus. 
  Rogelio Conroy  ;2023-03-03; 2609,88 ;Health;Victoria culpo delectatio apparatus vergo valetudo utroque calamitas vulgo.
  Wallace Zemlak  ;7-7-2023;4266.07;Office;ARMA ANIMUS SOLUS CREPUSCULUM CRETA.
  JOHNNIE FARRELL-FRIESEN  ;2023-10-15;7534.64;Office; VIDEO ARO AETERNUS. 
Stella Thiel;2023-09-20;7632,82; health ;est voluptates curia tui terminatio venio socius acerbitas subseco.
Judy Durgan;2023-07-10;6627.06;food; Conturbo debilito causa placeat. 
Cary Koelpin-McGlynn V;6-3-2023;1331,22;Health;Campana laborum succurro suscipio claustrum ullam quas titulus adduco.
Mercedes Conn;2023-07-11;8855.43;office;Alter auditor pel valens adeptio talio decretum quaerat defluo adamo.
Randy Johnson;6-19-2023;7402,78;food;Vulticulus rerum blanditiis defleo vito charisma appositus.
  Danny Fahey  ;2023-09-24; 2940.71 ; Health ;animi ater bos alioqui solutio terga possimus desipio thalassinus abundans.
Robert Raynor;2023-02-16;4747,61;Travel;Ventosus talis voveo arbitro ad contabesco vinculum vicinus.
Bill Gleichner V;2023-05-01; 8895.60 ; HEALTH ;Utilis decet theca desipio.
GARRETT TURNER II;1-13-2023;104.25;food;Vulnus soleo derideo teneo tripudio adsum cras corporis.
  Olga Ullrich IV  ;6-14-2023;4056,95;Office;contigo architecto universe thesis solitudo avarus adsuesco spargo.
Kathleen Wiza;26/10/2023; 8461.85 ;food;Quis sono tenuis trucido vito ademptio caritas.
  Jodi Champlin  ;30/12/2023; 5048.30 ;TRAVEL; BENEVOLENTIA DEPRIMO VAE SUPELLEX CAELESTIS COLLUM. 
Derrick Tremblay;5/11/2023; 6690.57 ;Other;dedico congregatio deleniti cedo temptatio voco.
  Kelly Osinski  ;10/9/2023;7578.80; Travel ;Caput audeo congregatio sapiente coniecto mollitia at torrens sublime.
Lucas Schultz;3/9/2023; 428,12 ; HEALTH ;Decretum subnecto volo ustulo constans amita dolores suasoria.
  MRS. MISTY CONNELLY  ;1/12/2023;1761.62;Office;Depereo vitiosus bibo conicio delectatio quaerat universe mollitia volva.
Arturo Hayes I;18/10/2023;2028.09;Travel;Vinculum claudeo velit terga cinis defendo tredecim tamdiu talio cumque.
Jose Lebsack;1-27-2023;2205.24; health ;Quia dicta cibo appello.
  Josefina Schowalter  ;2023-06-26; 483.42 ;Office;Super subiungo suggero voluptatem repudiandae tenetur quia rerum.
nancy grant;21/11/2023; 3277,05 ;Office;COTIDIE NECESSITATIBUS SUMO CONTURBO APTO CONFORTO AUREUS CUPIDITAS QUIBUSDAM DERIDEO.
  Muriel Conroy  ;2-21-2023;3781.31;food; Talio vero complectus asper. 
  mr. alfredo cassin  ;1-12-2023;4791,20;Travel;Decipio deripio textilis aer derelinquo altus fugit cultellus acer.
Gordon Labadie;2-10-2023;4015.60;Office; stipes accusator aspernatur tertius adopto magni molestiae argumentum. 
Karen Veum;22/9/2023;973.78;FOOD;Demoror artificiose architecto quisquam aduro libero adimpleo aufero.
ANA STIEDEMANN JR.;2023-05-13;388.09;OFFICE;stips crustulum illo patior comburo.
Ramona Crooks;15/7/2023; 8310.92 ;Health;Aestus sumptus labore ciminatio occaecati aegrotatio vulnero distinctio stabilis taedium.
Jeanne Schimmel;2023-01-09;3465.18;health;Curvo studio temeritas.
Eva Bergstrom;16/5/2023;322.64;Travel;Debeo bonus adinventitias minus umquam territo.
Sylvia Jones Sr.;11/8/2023; 3764,92 ;Health;deleniti circumvenio aptus adulescens cursus laboriosam denuncio voluntarius adipiscor.
Josephine Lowe;4/2/2023;662,16;Health;Vulgo vociferor coniuratio conservo comburo coepi calamitas valde minima.
terri mayert;1-3-2023;7944.31;OTHER;DECIPIO CUBO AUTUS QUAM AEGRUS SUB CAUSA NULLA.
toby lesch;3-7-2023;8068.02; office ;adipiscor spes tracto hic comminor currus uterque eum.
  ms. antonia kilback  ;17/11/2023;1952.56;Travel;Inflammatio esse ago.
Chris Von;7/2/2023;4208.69; Travel ;sub cui officiis casus velut occaecati demonstro tremo decet umbra.
Dr. Carole Balistreri;19/3/2023;6747.44;OTHER;inventore tui accusator.
  Mr. Levi Ratke  ;10-16-2023;9812.66;Travel; Bardus absorbeo voluptatibus talus. 
Grady Will;18/2/2023;5078,75; Travel ;AUFERO CAUDA TRIUMPHUS AETERNUS VINCO AESTAS MAIORES AEGER UTRUM ARS.
george little;2023-08-08;7515,29; Other ;Spero mollitia vereor ipsam vinculum approbo.
Dale Stanton;6-10-2023; 6902.02 ;Health; Creator molestias repudiandae aestas tribuo exercitationem quos. 
Harvey Raynor;2023-05-07;2960,37;OTHER;Civitas clementia crepusculum deinde candidus abstergo facilis comprehendo vaco.
Nicole Douglas DVM;26/5/2023; 6095,02 ;Other;Tepidus decet cilicium libero constans ars talis pauper porro solus.
kerry stamm;10-31-2023; 2972,80 ;Food;Callide utique aperio succedo rerum veritatis tenuis debilito subiungo derideo.
Dr. Christopher Beahan-Schumm I;6/6/2023;7500.99;Other;Suscipit aliquam mollitia universe spectaculum vulnero.
monique effertz;2-25-2023; 1186,65 ;FOOD;Amo spero vester cruentus.
Doyle Heaney;10-10-2023;1271.68;Health; CENO TALIS TENETUR SPERO QUAM BONUS ACCUSAMUS AMPLITUDO QUAE DEPRECATOR. 
  kerry jacobs  ;5-27-2023;3151,24; Travel ;Tonsor celer acerbitas tergo arbitro distinctio corporis magni cauda adicio.
  Essie Padberg  ;26/9/2023;4012.38;food;Avaritia argentum amita vinco beatae cohors caterva.
MABEL VON;9-15-2023;2295.30; Other ; REPREHENDERIT ABSCIDO NAM SURSUM PECCO SUMPTUS. 
Eddie Kreiger;2023-02-20; 2323,44 ; health ;adficio sumptus absque cupiditate caute complectus civis.
Catherine Skiles;2-20-2023;385.75; travel ;est acervus explicabo ventito.
  Sheri Breitenberg  ;5-24-2023;5812.76;Other; defero suus crudelis deleniti avaritia compono. 
mr. gerald jones;2023-10-16;8173,37; health ;Eaque iure asperiores acervus adhuc cupio compono.
Fred Buckridge PhD;2023-04-20;3505.15;office;In velut pecto usque utrimque vespillo talio atque aestas cura.
  Nettie Grant  ;23/9/2023;1802,06;Office;Odio blanditiis terga placeat ago theatrum quia libero.
Jackie Casper;7/3/2023;1386,77;Office;UNIVERSE DENUNCIO DEINDE SIMILIQUE ADEPTIO CONFIDO DEPONO ARGENTUM CLAMO ADDO.
  Kenny Collins  ;7-14-2023; 6048.17 ; Travel ;Vulnus aggredior defungo aspicio.
Percy Beahan;3-7-2023; 8677.57 ;food;quod comparo vere amplexus vos capto tergiversatio quo.
abraham schoen;7-11-2023;2971,63;Health; Vir viscus tonsor commodi nam animi ullus. 
  EDMUND GRANT  ;9-13-2023;4232.58;Office;Sonitus adsum cresco talis auctus voluptate vilitas.
JERMAINE KOEPP;2023-08-23; 5199.26 ;food; Articulus cena cibo spoliatio natus cupiditate ultra suspendo. 
Gabriel Donnelly;12-24-2023;7617.87;Other; Sponte thesaurus defluo antea articulus vulgo auxilium bestia. 
Loren Toy;30/6/2023;711.94;Travel;deporto ter eius bestia quos.
LEROY FEIL;24/8/2023;792,34;FOOD;Sponte ceno desino somniculosus decimus verumtamen crepusculum.
Diana Mueller DDS;11/1/2023; 8405.86 ; travel ;PAULATIM CATENA ADINVENTITIAS VINITOR SUBIUNGO.
  Johnnie Schaefer  ;2023-01-15; 2318,44 ;Health;Cupressus dedico denuncio claustrum conventus cohors denego.
dr. kelvin dietrich dvm;3-11-2023;2376.81;other;spiritus coniuratio cibus vomica venia reprehenderit minus bonus comedo sapiente.
Rufus Daniel-Doyle;2023-10-28;779.20;Office;Calamitas suscipit canis venio vilitas crustulum totidem.
Marlene Schroeder;2023-03-02; 8405.61 ;Health; Constans abundans cognatus utique acerbitas casus villa totus debeo. 
Ross Zieme;10/11/2023;9609.53;food;agnosco cerno derelinquo condico quisquam assentator claro utroque succurro.
Dexter Nienow;10-5-2023;9451,65;Other;Taedium quidem delectus denego.
ARTURO POLLICH;3/6/2023; 7898,45 ;Health; contra calamitas peccatus. 
Leticia Ward;4-6-2023; 21,59 ;health;Vesica arbitro comminor vis beneficium.
vera stracke;29/11/2023;7958.65; Food ; Sortitus vulnus non comis labore aut adduco suffoco constans. 
Paula Hettinger;9-14-2023;4284,96; Food ;utrimque qui totidem.
leland little;6-14-2023;9149.05; Office ; Adinventitias cito substantia vicissitudo occaecati turbo. 
  Cory Haley  ;1-15-2023; 8960.60 ; OFFICE ;Basium supellex pax voro aequitas maxime.
  Wilfred Treutel  ;2-7-2023;7018.10; HEALTH ;Conitor asporto patrocinor patior vulariter denique utrimque certe cedo.
Ms. Arlene Terry;2023-03-13;5561.92;Other;CETERA ANTEPONO CIBO QUAERAT AGER EARUM SORTITUS PECCATUS CONCIDO.
Dr. Edwin Kerluke;2023-06-14;8726.85;Other;Adulatio cum tergum.
  Timothy Bayer  ;3/3/2023;1558.84; Other ; aegrus patria acies supra terreo iste omnis. 
  TRICIA JAKUBOWSKI  ;12-14-2023;7994,48; Food ;amicitia spectaculum curvo ab cupressus amor.
  Dr. Lloyd Rippin Sr.  ;29/7/2023;4591,45;FOOD;Adhaero pecus tenax numquam claro solium caelestis nisi ceno.
mr. geoffrey goldner;5-21-2023;3396,04;Health; Tenuis barba stella sumo laboriosam acsi pariatur traho sum. 
Clifford Krajcik;2023-08-03;2727,08;Travel;amplexus apud provident spiculum degero caput aggredior abbas congregatio.
dr. chad orn;2023-11-12; 1810.42 ;office;Sequi armarium ut curtus modi verto umquam distinctio.
Rachael Kautzer;2023-11-02;5415.58;Travel;PECCO CREO ACCEDO QUAE.
  Bradford Moore  ;28/11/2023;8119.02;Food;Vilitas viridis timor cervus minima est advenio talus.
Miss Priscilla Gusikowski;9-22-2023; 9327,57 ;Food;Solio auditor accusantium adipisci sordeo argentum.
  Santos Heathcote  ;1-10-2023;6799.15;Travel;Doloribus veritatis cedo traho.
Beth Wiza;5-13-2023;7132.43;Health;CENTUM CALCULUS ARCUS AMOVEO AURUM ATROX FUGIT.
  RANDALL BARTON II  ;6-20-2023;3566,37; Food ; Canis facere careo. 
  joseph schinner  ;14/8/2023;6168,94;Office;Urbanus conforto solutio.
CHRIS HERMAN;2023-05-14;9666.79;travel;Vilicus cariosus caute vomito uredo nobis accusantium.
Samantha Harris;2023-05-11; 7895.51 ; Other ;truculenter vergo defaeco theatrum facere.
STUART WILL;3-6-2023;6994.25;FOOD;Carpo atqui aiunt absque comminor vulgo tenetur mollitia delibero supellex.
  Karen Monahan  ;11-4-2023;7940,45;Travel; Voluptatibus utrimque triduana sumo laboriosam averto curis timor verumtamen tergiversatio. 
Andres Renner;7/11/2023;315.25;travel; Adeptio utrum velum comminor centum aureus solitudo nemo. 
Dr. Enrique Abernathy;7-16-2023;8434.79;Office;thermae curatio laboriosam deludo vivo conservo quod celebrer optio amplitudo.
Lynn Crona-Leuschke II;2023-09-16;9314.61;OFFICE; Vesica temperantia solvo. 
Jerald Hahn;6-6-2023;5313.03;Food;Vinum vulnus alo suspendo.
Patricia Franey;2023-08-21;681.12;Other; Ciminatio suppono ancilla facere umquam stabilis ultra charisma. 
Constance Hahn;8-12-2023;7486,11;food; sophismata varius ab ipsum aeger aliquam caelestis corpus conservo. 
carla hoppe-abernathy;21/3/2023;2750.70; Food ;Cruentus vergo molestias pectus vitium tametsi anser demens adstringo totam.
  KATIE GULGOWSKI DVM  ;10-20-2023;8318.47;Travel;AUTEM VEL DEBEO BALBUS INVENTORE APERTE.
patrick cormier;5-20-2023;6984.91;Food;Corona vita trucido qui venia tabernus vesica bardus cur peccatus.
Annette Jaskolski I;2023-11-01;3959,48; Health ; Curatio truculenter amplitudo arx creator. 
TODD BERNIER;5-14-2023;6164.20;health;odio balbus allatus ascit aestus.
dr. nettie nitzsche;8-31-2023;5995,27;Other;Adfectus totidem dicta tollo tepesco concido.
HANNAH MAGGIO;30/8/2023;4927.51;OFFICE; NEQUE COMMEMORO CERTUS AETERNUS. 
Brandon Kertzmann DDS;9/1/2023; 3915.92 ;Food; Ventus vindico vesper vitae caelestis. 
anthony graham;5/6/2023;948.32; HEALTH ;Cura commodo cribro natus aggero clementia adduco ascisco audio.
terri predovic;13/7/2023;8181,15;Food;Cito celebrer barba thymum mollitia decerno animadverto.
rolando bins;2023-07-02;8088.99;HEALTH;TRICESIMUS COMMEMORO DERELINQUO CONTEGO SUBIUNGO VOMITO VAPULUS CUNCTATIO VOLUPTATES VIX.
Saul D'Amore;6-8-2023; 7819.73 ;Other;Barba spargo decumbo carcer totam perferendis victoria canto.
ISRAEL O'REILLY DDS;24/3/2023;5327.12; Food ; SPECTACULUM QUIBUSDAM CRESCO CORRIGO CLARUS ACER MOLLITIA AUFERO. 
  Cathy Raynor  ;2023-03-21;5408.34;Other;CONCULCO COPIA CIBO SORDEO CERTUS SOLUTIO TIBI.
MS. SHERYL ALTENWERTH;2023-06-10;389.12;TRAVEL; Stips animadverto concido suspendo ademptio unus tunc asper artificiose. 
brandon berge;5/6/2023;1320,97;Travel; Deporto crustulum pauper atrox carpo derelinquo aspicio. 
Miss Lindsay Konopelski;9-5-2023; 4053.10 ;OTHER;Armarium deputo appello explicabo adversus tutis trucido aggero adeo vaco.
Rodney Rempel;18/11/2023;4392,72;Food;hic nulla vulgaris cruciamentum corporis somniculosus.
  dr. hattie klocko  ;7/9/2023;4214,97;health;CORPUS NATUS VACO CADO NEMO SPOLIATIO.
MISS CARMEN WEIMANN;4-8-2023;8577,01;Other;Conforto dicta ratione vis stips.
lillie feeney;2023-02-21;4393.76;Travel;Utilis surgo reiciendis carcer turpis ad reiciendis.
  dr. timothy okuneva  ;5-9-2023;2966.88;FOOD;Valde voluptatibus enim surculus cruciamentum amplexus.
  Miriam Braun I  ;5/10/2023;5907.76;health;Valde tandem arguo possimus quasi rem necessitatibus vergo sono tracto.
Ms. Debra Durgan;3/11/2023; 9060.23 ;other;Teneo argentum cum derelinquo cupio via certus comminor.
Adrian Turner;29/7/2023;7800,64;office; Deputo utpote concedo concido utrimque denuo truculenter. 
JOEY DIETRICH;3-1-2023;7889,50;travel;urbs acsi defessus urbs concedo.
Emily Vandervort;2023-07-09;7209.61;Other;Absum adsidue vilicus utpote comedo quasi.
Michelle Konopelski;2023-07-29; 3956.81 ;health;Tribuo creo amita patria terror somnus.
Dave MacGyver;1-12-2023;8058.61;HEALTH;adopto abduco quis delibero vinum.
Marvin Crona;4-11-2023;3845,33;Office;arceo aeger decor varietas suasoria tutis decens.
  Mrs. Patti Beer  ;2023-06-12; 8211.74 ;Health;Valde conscendo color architecto astrum peior nihil.
Ethel Hickle-Cassin;10/2/2023;1032.25;travel;Bis adhaero sol.
Faye Hauck;9/5/2023;6930,45;other;admitto assumenda cernuus.
shirley hilll;2023-09-19; 2708.76 ;FOOD; Commodo ipsam degenero creo sponte delibero tepidus suus. 
Angelica Kuhic III;30/9/2023;8604,12;Health;DEDICO VIA VOLUTABRUM CORNU AUREUS CUM ABSQUE VULPES ANIMADVERTO ANTEPONO.
eduardo abshire iv;2023-01-09;6943.54;TRAVEL;ubi atqui coma adnuo corporis depromo quisquam.
Horace Tillman;12-21-2023;9202.08;Travel;crapula demitto cicuta capto summa carcer vitae cenaculum aestivus.
Lorraine D'Amore;25/11/2023; 3307.45 ; Office ;Acquiro adamo numquam attero unde certus commodo uberrime.
Kurt Torp-Morissette;16/4/2023;1003.77;office; Vigor velum ab volaticus varietas aequitas umerus adsum tribuo vomer. 
Mattie Wilderman;12-16-2023;1875.27;Travel;Velum super dolore sui.
  jasmine hilpert  ;11/12/2023; 5895.55 ;Health;Accusantium coepi dicta cohors caries.
RAY MANTE;7-22-2023;788.44; Travel ; conicio acerbitas volaticus adfectus suus illum. 
jonathan cormier;4-6-2023; 2781.74 ;travel; CUPPEDIA AETAS REM CALLIDE COMITATUS. 
gregg doyle;2023-02-24;1863.79; Health ;Demum degenero coepi testimonium vulgivagus dignissimos placeat.
DIANNE CROOKS II;2023-05-17;9726.09;health;Speculum suggero sordeo caveo.
Andrea Upton;2-25-2023;4673.10;Office;Officiis ipsum denuncio aggero undique appello sum summa credo conspergo.
Sidney Connelly;2023-07-04;6071.43; Travel ;SIT CONSERVO AEGROTATIO ABSCIDO STRUES DAPIFER.
  clara predovic  ;8-3-2023;2933.31;Other;Pariatur pecco studio deorsum.
Delbert Kunze;16/9/2023;2585,08;Food;Vulgaris stillicidium ait vester alveus clarus vilicus spargo caries.
GEOFFREY BALISTRERI;2-27-2023;8265,16; Travel ; suadeo tabula bis atrox delectus cotidie vix defero accedo. 
Sylvester Nicolas Sr.;2023-01-10;972.58; TRAVEL ;Aeger virgo unus timor thymum delectatio supellex.
Santiago Schultz;22/10/2023; 5264,72 ;Food;Blanditiis tum sulum vis absum altus theca tonsor alias.
Becky Prohaska;19/3/2023;3172.12;Office;Caterva terga vulgivagus pariatur undique cogo.
Lucy Kuhn;2023-08-19;5418.27; other ;supra desparatus tardus laboriosam addo capillus commodo.
Lana Klein;8/10/2023;1592.64;office;Alias aspicio enim odit stips cuius doloribus.
kathy durgan;11-21-2023; 8836.14 ;Food;unus rerum tabgo tantum optio incidunt vesper temporibus libero coaegresco.
  joanna ritchie-swift  ;12-21-2023;7063.44;Travel;Sublime ager laboriosam angulus conitor confero deleniti.
robin moore;5/6/2023;8022.94;Office; Adopto tamen acceptus. 
Dr. Ruby Schaden;8-24-2023; 3532.08 ;TRAVEL;Alter tepesco amicitia barba repudiandae tersus absens.
Mercedes Smith;5-9-2023; 886,07 ; Travel ;CUNABULA ACSI SEQUI VOLUTABRUM DECIPIO ADMIRATIO PATROCINOR ARGUO CONSPERGO VEHEMENS.
Deanna Nicolas;10-14-2023;7932,05;OFFICE;arcesso voluptate peior temeritas defendo.
Charlotte Mraz III;2023-04-17;9561.35;HEALTH;Eligendi coadunatio mollitia demoror causa vulgus antepono.
johnathan von;11-8-2023;4418,71;health;Quibusdam tardus tabella succedo video minus attero subiungo causa id.
  Josephine Bins IV  ;9/1/2023;7949.09;Office;Ustulo dicta vox arcus talio absens tribuo statua alienus.
  MS. JUANA O'KEEFE  ;12-1-2023;8182.50; office ;Talis suppono thymum subnecto theatrum recusandae acquiro vindico.
Aaron Bechtelar;4-1-2023;3324.65;Travel; Comis maiores colo triumphus. 
Stewart Barrows;17/7/2023; 6101.95 ;Food;adiuvo clamo vis temperantia barba ulciscor.
everett paucek dvm;2023-08-21;5528.19;Food;Acidus labore comparo.
Bridget McDermott;30/12/2023;9845.38;TRAVEL;Perferendis celer spiculum.
Judy Berge;8-5-2023;6387.81;office;VINCULUM CLARUS SAEPE AEGRE SUSTINEO VALEO ADIUVO CREDO.
Lorenzo Murphy IV;8-26-2023;9912.44;Other;Vesco cohibeo adfero crinis aiunt amita vox totam utroque cur.
Bernard Mohr IV;2023-01-18;7386.59;FOOD;Arto adiuvo averto videlicet tibi stella theatrum usitas.
Amanda Lehner;2023-05-25;8113,42; Travel ;Votum alienus statua patior amicitia.
Rosalie Boyer;2023-03-06;6820,73;OTHER;Umbra volo adduco degenero soluta anser.
Terri Hickle;5/12/2023;6559,93;Office; Deprecator officia circumvenio eum arbor. 
Adrienne Schulist;31/7/2023;7867.17;food;Vulgivagus cubo angustus vos coadunatio deficio tamdiu tumultus.
Christie Lang;7/6/2023;7393.68;Travel;tibi calco beatus.
Melvin Powlowski;11-4-2023;7538.31; Travel ; absorbeo depraedor vulnus vado vilitas absque cui. 
Martin Oberbrunner;2023-11-29;8169,28;Office;Carus cumque aeger.
Roland Armstrong;5-12-2023;186.75;Food; Officiis degusto confugo. 
Jordan Wisozk;23/7/2023;9394.39; Food ;umquam dolorem voluptates autus.
ANDRES FEEST;2023-03-18;1991,90;Other;ANTIQUUS CULTURA DESINO NESCIUNT CONSCENDO TERSUS ULTIO CONSECTETUR DENUO.
Tracy Mohr;5-6-2023; 5493,48 ;Health;architecto tristis talio textor tutamen video beatus urbs soleo.
  Jackie Swift  ;1-20-2023;2270.39;Travel;claudeo molestias absum umbra caterva contra ante usque.
  Jose Blanda  ;6-28-2023; 560.75 ;food;Crapula sit occaecati vereor vehemens tum pecus contigo.
Kate Volkman;8-9-2023;4849.35;Food;Iusto deporto apparatus bibo.
glenn wolf-witting iii;3-29-2023;7101.11;OFFICE;Voluptatibus creptio dolore arca utrum sponte exercitationem agnosco.
sean rau iv;10-10-2023;2311.59;Health;TRIPUDIO MINUS CAPTO COMES.
Deanna Balistreri;2023-01-26;2196,49;food; Decet voluptate villa. 
garry mitchell;2023-02-05;9625,20;Health;Deserunt claro delinquo asper aestas facere demonstro atque summa.
kenny strosin;6-19-2023;7152,23;Food;Rem alii cuius adhuc barba texo cunae.
Leroy Upton;6-30-2023;5641,53;Food; aggero et tondeo quis. 
GLADYS JAKUBOWSKI;2023-11-20;2609.17;Travel;Libero vehemens cito derideo tamdiu vomer suppellex valde.
  Terrell McGlynn  ;2023-07-20;2472,28;Office;CUNABULA OPTIO NECESSITATIBUS DERIPIO ARCEO VULGUS TENETUR TEREBRO.
Gina Herman;2023-05-30; 2950.51 ;Travel;SUBIUNGO TERO DEPRIMO TABERNUS SUM SODALITAS VIA TEXTUS AGNOSCO.
  Francisco Brakus  ;3-10-2023;9131,95;Other;Victus defendo virga.
Brandy Walker;4-11-2023;6359,81;Other;desipio usque volutabrum crustulum arx eos.
Dave Bogisich;8/11/2023;1858.48; Health ;CUPPEDIA SORDEO VARIUS.
Tom Zulauf;2023-04-29; 2469.40 ;Travel;Dolore adfero blandior.
Harriet Koch;8/2/2023; 5108,39 ; OFFICE ;AUDIO BENEVOLENTIA TERRITO CASSO.
  josh bruen  ;22/6/2023; 6663.66 ; other ;Concedo acceptus vae teneo.
Ann Runolfsdottir;7-26-2023;8848,63;other;Carmen aggredior acerbitas contabesco civitas celer considero.
  Blanca Schroeder  ;11/2/2023;3925.79;Health;Xiphias aspicio commodo veniam adflicto crinis vestrum est animus.
Mr. Andres O'Connell;2023-04-01;4642.46;Health;blandior ut depopulo optio animus accedo textus.
dallas homenick;26/12/2023;8147.47;TRAVEL;Quas aequitas cohors praesentium tero perferendis audacia.
  israel ritchie  ;2023-07-17;394.77;Office;caries stillicidium arca perspiciatis spoliatio.
Vicky Connelly;7-13-2023; 3047,78 ;travel;Corrumpo vita constans aperio cunae bellicus.
Elmer Marks;26/9/2023;2847.18;Food;Aegrotatio varietas adsum confido ventito summa comparo quisquam sponte celer.
Shari Jacobs;14/8/2023;5097.32; Health ;Demulceo perspiciatis copia certus turbo corona fuga centum cubo.
Ms. Colleen Walter;9/10/2023;7992.43;food;Centum summa amplitudo spero clam claustrum labore curriculum.
cora olson;2023-07-10;6388,66;Health;Sumptus vereor desidero.
Zachary Macejkovic;4/3/2023;8985.93; Food ;CAUTE ILLUM ATAVUS MAIORES COMPLECTUS.
Frederick Schneider;19/7/2023; 9610.92 ;Office;Sunt tum decens.
Earl Crist;18/9/2023;854.04;Other;Assumenda cena totus adulescens hic ait sopor cunabula absconditus arbustum.
Mark Schneider;3/5/2023;721.94;Health;Nisi adflicto crudelis coniuratio demoror canonicus.
Ms. Maryann Schaden;1-15-2023;4998,80;office;Adsuesco crebro arguo arx vado approbo.
stacey wuckert;7-15-2023;6541,83;Food;Cura vere testimonium cura exercitationem dolore corrupti verbum.
Lee Connelly;2023-10-16;5690.46;HEALTH; vestigium talio pariatur tenax cibo acidus consequatur. 
Kate Johnson;7-15-2023;9689,53; Other ; appello denuo angulus quidem vomito labore adeo complectus. 
irma hickle;1-9-2023;6457,55; Health ;caries conatus subito substantia collum capio.
  Jenny Kuvalis  ;21/9/2023;948.42;Food; Quasi amor sophismata quasi decor advoco cavus. 
Mathew Runolfsdottir;2023-10-04;9672.80; Food ; appositus coruscus defero sollers curso demoror argentum. 
clyde ritchie;8-26-2023;5742,02;Food;adeptio apto utpote cattus spero amet supellex depono advoco cubitum.
Annette Rogahn;26/1/2023; 7593.03 ;Travel;Tutamen armarium angelus spectaculum cavus.
Angelina Gleichner;12-30-2023;9490.17;health;Aegrotatio careo quas amita stipes titulus ulterius credo creptio.
misty willms;6-3-2023;7848.82;Food;Vir reprehenderit astrum pecus despecto.
HANNAH PROSACCO;2023-07-31;7997,49; Food ;Collum vester cogito auditor beneficium deleo reprehenderit adulescens.
Guadalupe Goldner;6-29-2023;7975.66;Office;Crepusculum vis tabgo ab comedo defetiscor adduco desino.
Brandy Schuppe-Schumm;7-3-2023;9684.59; Travel ;Brevis velociter decretum careo.
Alma McCullough Jr.;2-16-2023;2950.11;other;credo candidus comprehendo.
Guadalupe Gutkowski;2023-10-09;216.52; FOOD ;Audeo amissio totus.
Cecelia Roberts;16/10/2023;9789.26;health;Damnatio cresco ventito iste concido absconditus vesco surculus.
Mrs. Kathleen Auer III;11-7-2023;4291.05; TRAVEL ;Suscipio arguo video censura.
Ira Moen;2023-11-19; 1901.40 ;Office;Corrumpo agnosco appello quidem cruentus deporto debeo corrigo sono.
june durgan;24/7/2023; 9735,41 ;Health;CAPTO VIDUO SIT TRIBUO TAMQUAM TYRANNUS XIPHIAS.
SHANE RUTHERFORD;24/1/2023;8535,01;OFFICE;Animus color atqui accusator terminatio doloremque infit tego suadeo denuncio.
Wilfred Douglas;11-9-2023; 7457.23 ;Travel;Virga cognomen ars cometes debeo.
elias padberg;2023-09-10;5825.40;Food; CURRUS CARBO QUAM. 
  DEBBIE ZEMLAK JR.  ;8-16-2023;3753.64;HEALTH; Acerbitas architecto magnam sunt. 
Rhonda Barton;18/4/2023;602,39; Other ;Amiculum cursim fugiat amoveo officia clementia.
adrienne kuphal;10-13-2023;8441.73; OTHER ;Bene alienus asper cariosus correptius beatae subvenio.
Pat Terry;6-2-2023;618.17;OTHER;torqueo audeo amo valde adhuc.
Ignacio Hirthe;3-16-2023;5410.27;Health;Trado comparo tempora viriliter iure urbanus cultellus caute temporibus barba.
jose runolfsdottir;17/4/2023;1164.56;Travel; Animus cohibeo acies utilis. 
Marianne Christiansen;2023-02-17;1715.86;Health;Amita cui facere pauci claustrum tersus tametsi baiulus.
Hubert Abshire;12-12-2023;5402,98; Other ;ABSENS SPECULUM ADOPTO CAPIO CONDUCO SOLLERS ASSENTATOR.
Dr. Benny Breitenberg;23/1/2023; 5093.12 ;health;CRUR CONTURBO DEGERO.
Angie Hahn;8-10-2023;9155.89;Office; Abundans porro adulescens nesciunt trado virgo trucido aduro corrumpo confugo. 
DIANNA ZIEMANN;12/1/2023;9663.71;Other;Vindico labore abstergo uredo cur dolores tristis recusandae cotidie repellat.
Jerome Rempel;10-24-2023;5993.30;Food;Cetera tertius alias strues ter benevolentia cubicularis tabgo.
Charlene Larson;5-24-2023;4120.31; Other ;Utpote quis curto.
nellie schumm;2023-06-07; 5236.59 ;Office;TERTIUS SPARGO CASUS VETUS SURCULUS.
Rene Mayert;11/7/2023;5567.30;Other;caterva totus cupio nisi varius est cupressus.
INEZ LESCH;2023-01-29;154,90;Other;Thymbra delego vilis terminatio auctor.
  GARY LUETTGEN  ;2023-02-10;9250.59;Office;VOVEO ADDUCO DIGNISSIMOS ARCA NON TABGO EUM ACCUSAMUS.
Julio Gusikowski;8-7-2023;4341.63;Food; Facere totus reprehenderit concido annus. 
Marion Oberbrunner;1-13-2023;1180,91;Office;Culpo ascisco fuga aggero admoneo toties libero.
Mrs. Angelica Wuckert;4-10-2023; 9840.47 ;travel;Urbanus utroque ex ipsum crur pariatur.
alice friesen;12-12-2023;6516,27;food;impedit totidem caveo atque credo somnus vesper curatio spiritus.
clayton orn;12-2-2023;7736.23;Travel;Denego unus accusator complectus eum angulus occaecati.
cecelia langosh v;16/2/2023;3691,26; office ; Compello illum bardus commemoro caste creber curtus. 
Clifford MacGyver;2023-03-23;9916,72;Office;Adiuvo amicitia aro ipsa.
  Lana Glover  ;2023-02-24; 9795.37 ;OTHER;Derelinquo nisi crastinus.
clarence cummerata sr.;2023-11-07;5842.89;Travel;Compello varius umbra.
Rosemary Greenholt;6-15-2023;7497.82; other ;Pauci reprehenderit attonbitus deserunt texo subiungo aveho quas sunt.
jackie kohler;2023-07-10;6202,69;Travel;Ipsa sulum calco aedificium decerno advenio terebro.
MR. BILLY RUTHERFORD;2023-06-08;1187.57;health;UNUS COEPI VITIOSUS.
Olga Thompson;2023-04-16;4073,97;Other;UNDE CREATOR DEPRECATOR CONDICO USUS VOLUPTAS.
Jermaine Von;5-27-2023;4453,84;Office; chirographum convoco deserunt certe decens aequus cruciamentum architecto capitulus. 
Ramiro Casper;15/1/2023;9761.45; Travel ;Canto derelinquo cito tertius.
Gerardo Hirthe;1-2-2023; 9919.40 ;office;Id circumvenio dedecor adversus agnosco carpo.
Lynda King;2023-11-16;1191.15;Food;Condico beatus textus adiuvo caries stillicidium eaque cerno traho.
  Kellie Tromp III  ;12-25-2023;800.70;health;carus valens vigor ambulo tero aeneus auctor.
MERLE HERMANN DVM;9-10-2023;2485,61;Food;Placeat stultus nulla autus chirographum.
Mr. Jan Haley;2023-04-22;127.86;Office;Velut maxime clamo.
  ms. tasha wehner  ;26/6/2023;1955.69;Travel;CONDUCO COERCEO VACO BENEFICIUM DEBEO CRETA.
Sally Gibson;16/12/2023; 4550.79 ;Travel;arceo amo aeternus sum denuncio defetiscor cedo vaco aperio.
  MISS ARLENE CONNELLY  ;12-15-2023;6131,71;Health;UBERRIME DEMONSTRO PATIOR ALIQUID VIRILITER NESCIUNT SUSPENDO ACER.
Jenny Ortiz;6-13-2023;1161.39;Travel;Solio antiquus condico abstergo correptius peior.
  Deanna Beier  ;10-30-2023;8134.04;health;cibo tres depraedor.
Johnnie Tremblay;2023-12-21;6854.35;Health;balbus studio auxilium aestus angustus ater subito.
  Ashley Mann  ;9/12/2023;2618.07;Travel;CREO DESIPIO ALIQUID AIT TEMERITAS DEMULCEO CALLIDE DEORSUM.
Dr. Monique Collier;2023-02-26; 2512,87 ;Health; Colo illo vobis strues vulpes cur ullam sublime. 
Allan Nitzsche;11/12/2023;6186,97;Travel;Neque cruentus curtus adhuc.
Anne Breitenberg;4-30-2023;8451.53; OTHER ;Clarus unus amiculum adimpleo.
SAM YOST DDS;7/8/2023; 6036.09 ;OTHER;Cetera modi concido tersus ipsa ullam somnus cibus absens.
  mr. marco robel iii  ;16/6/2023;8427.37;Other; cruentus synagoga cubitum tutis. 
Erin Gutmann;7-21-2023;5729.35;travel; Cohors vado casus truculenter aeternus est corrumpo subseco tener illo. 
Mr. Pedro Parker II;8-18-2023;8244.91;Health; Adipiscor credo damno. 
GILBERTO ARMSTRONG;5-27-2023; 7019.58 ;food;Utroque validus acidus volutabrum thymum adhaero vulariter.
Taylor Kreiger-Goyette PhD;16/7/2023;1416.05; Food ;ASPERNATUR EARUM CRUSTULUM CURRICULUM ELIGENDI TURBA SPECULUM VIRIDIS DENEGO DEPONO.
  debbie prohaska  ;8/9/2023;3132,82;health;DOLOREM CLARO DERIPIO TEXTILIS VERITAS AMICITIA TAMQUAM SUSTINEO QUOD EXPLICABO.
Juana Stokes;2023-01-19;4211.18; Food ; Auctor modi suggero consectetur bonus cerno vetus tui vis. 
Phyllis Sawayn;2023-09-07;7585.78;other;Comburo celo approbo.
dr. eileen cronin;2023-07-30;3689,60;OFFICE;celo defleo arguo.
Tricia Rolfson;7/6/2023;2666.37;food;natus confido considero libero tametsi possimus coerceo.
Clint Volkman;2023-02-04; 2576.17 ;Office;Velit umbra balbus aegrus acervus absorbeo clamo absconditus.
Maryann Swift;2023-01-19;2048.18;health;Temperantia clamo utor alioqui argumentum.
  TINA CHAMPLIN  ;11-10-2023;8055,57;Other;Campana repellendus amor conor.
Toni Hills;9-14-2023;3807,47;Food; Doloribus surgo impedit verbera asperiores adhaero. 
GILBERT LEBSACK;2023-11-25;1808.84;Travel;CUBICULARIS TEMPLUM EX BELLUM APERTE SAEPE.
  Kay Pfannerstill  ;2023-01-29;2851.17;Other;Suscipio natus vel anser ciminatio congregatio odio angulus somnus copiose.
Sara Smitham;2-24-2023; 5670.34 ; food ;Corporis audio eveniet comminor.
  MINDY ERDMAN DVM  ;10-11-2023;18,47;Health;Vacuus brevis animi adnuo beatus una barba repellat super.
Traci Tillman;6-13-2023;6157.56;Health;Termes ocer ademptio ventito solium usque thesis solum.
Tami Heidenreich;6-13-2023; 9391,55 ;Office;Aliqua adiuvo considero.
enrique o'reilly;4-2-2023;3563,61;Other;patior commemoro torrens magnam terreo aspicio error ubi.
Pearl Roob;10/7/2023;5723.62; Other ;caritas vorago debilito.
Wanda Renner;5-3-2023;9674,37;Office;timidus dolore perferendis desidero ater victus canis.
Sean Hickle;5-13-2023;2468.86;Other; Convoco calculus cerno depulso carbo corpus quibusdam quibusdam cedo. 
Theodore Lemke;1-28-2023;4069.66;Office; Sordeo unus teneo viriliter cerno trado. 
  Jackie King  ;28/4/2023;5867.27;Other;Solvo sufficio coaegresco curatio crustulum auctor laboriosam apto.
Ms. Charlene Swaniawski;2-26-2023;2772.27;travel;Crinis caelestis tantum arcesso tabernus quas catena deporto termes.
Dr. Elena Metz;17/7/2023; 7241,70 ;Travel;exercitationem ocer cibo appello depulso amor terror.
virgil wintheiser iv;2023-10-21;6342.63;TRAVEL;tertius beatus ipsum.
marc jast;12/4/2023;8562.06;FOOD;auxilium angulus ultra calamitas suus cur angustus vulgaris.
Wendell Murray;8-18-2023;3108.73;Travel; degusto tenus curvo animadverto claustrum cum ut avaritia vester velum. 
Della Mante Jr.;11-14-2023;945.61;Other;REICIENDIS SULUM SUBNECTO CAPILLUS AQUA.
Charlene Wilderman;2023-09-15;3224.96;Other;Spero cubicularis maiores tener utor catena veniam carpo.
HARRY MAYER;17/7/2023;740,38; OTHER ;Laboriosam quae concido amplexus incidunt clarus.
Martin Runolfsdottir;19/6/2023;5027.04;Other;viridis sub auctor vulticulus vulnus.
Mack O'Reilly;2023-10-07;7040,60;travel;Decimus reprehenderit caelestis autus arx bos corroboro.
KAY BRADTKE-LOCKMAN;2-14-2023; 1341.47 ;Food;Vinitor terminatio tero acies coadunatio corrumpo itaque teneo tener apostolus.
PAT BOYLE;2023-10-03;6476,24;Food;cervus aegrotatio perferendis carpo derelinquo utroque debeo dolores vapulus tabula.
raquel kovacek;2023-10-10;8727.62; Food ; Fugiat ver aliqua. 
Alfonso Marks;24/11/2023;7474,91;Office; armarium deludo caries conspergo. 
Johanna Johnson;2023-07-17; 9309.88 ;Other;Cotidie versus vulgaris curiositas alo pectus congregatio vulpes.
Lola Jenkins;8/11/2023;8000.52;food; Stillicidium appositus compello vinculum officia derelinquo absorbeo. 
Reginald Ortiz;10-17-2023;8286,81;Office;Celo sit confugo placeat dicta neque.
Paula Crist;8/4/2023; 6342.36 ;TRAVEL;altus ciminatio torqueo civis desino conitor aestivus maxime cupressus.
Ginger Littel;30/6/2023; 757.08 ;Travel;Vado adflicto ver abstergo demo deinde cohaero audax vel.
Jackie Jacobi;12/5/2023;8394,13;office; sui arx clementia vindico animadverto vinum. 
  Woodrow Sporer MD  ;12-30-2023;7925.29;Other;Ventus vir aestas tunc.
Mathew Kshlerin;2023-01-18;6319,82;food; Vilicus concedo suffoco defluo. 
carlton murray;5-24-2023; 7840.99 ;Office;VILIS CANTO EVENIET REPELLAT.
Felicia Barton-Runolfsson;29/9/2023; 1899.22 ;OFFICE;Ultio earum volva sui dolorum demitto mollitia apto.
June Bosco;10-14-2023; 8624.26 ;Travel;EUM DELEGO VITAE VOLO DEFICIO NOBIS.
  stephanie kutch  ;7-28-2023; 3337.78 ;OFFICE;Angulus amita currus convoco incidunt beatae vir.
Gertrude Romaguera;4/11/2023; 1666.72 ;Other;Eligendi sui absorbeo cui.
John Haley;11-21-2023;7834.86;Travel;Vesco capio stultus dolores cuppedia admitto.
Andy Zieme;23/7/2023;7342.98;HEALTH; summa quia addo desparatus. 
  mercedes kerluke  ;28/10/2023; 3689,00 ;other;Arbor delectatio degusto clibanus caute supra cavus omnis amet.
  mitchell dooley  ;14/2/2023; 8113.79 ;OTHER; Adimpleo tepidus temptatio voluptatibus defleo aufero solus quisquam tergiversatio. 
Maureen Keebler MD;8/3/2023;8426.83;Travel;Vitiosus balbus ver ipsam desipio celebrer chirographum crebro congregatio.
Ms. Sabrina Zieme;16/12/2023;6240,81;Food;amplitudo combibo peior.
LOIS CORWIN-BRUEN;16/8/2023;8397.71; travel ;Trans sulum tredecim dolorum.
Bessie Schroeder;2023-06-29; 3615.71 ;Travel;Illum ars autus adversus adfectus decerno statua.
Howard Russel III;25/12/2023;782,12;health;tamen est comprehendo cunctatio tenus civitas censura.
dominick mayert;2023-08-17; 9286,68 ;health; tendo veritas deleo theologus correptius cogito dolorem. 
irma prohaska;2-18-2023;1449,50;Travel;Adficio vesco supellex vomica.
Dr. Israel Stamm-Collier I;10-22-2023;383,96;Other;Tametsi vilicus stultus claudeo denuo coaegresco cohaero caterva tamquam.
  Brenda Mohr  ;7-15-2023; 176.03 ;Health;concido adopto rerum abeo depono socius quia allatus capto.
  Gerardo Quigley  ;2023-10-20;2987,07;Office;Tempus arca sperno amicitia terra cauda adnuo adsidue adopto praesentium.
MS. WILMA BOSCO;18/12/2023;1172,41;Travel;Saepe amet commodo recusandae cras quia assumenda textor summisse.
  Shelia Lemke  ;1-15-2023;1912,81;Health;Incidunt tamquam collum constans summopere crastinus audeo tego tutamen.
earl koss sr.;16/7/2023; 4789,03 ;office;Suscipit iure carmen ventosus tondeo.
Devin McKenzie;8-13-2023; 782.46 ;Office;VIGOR COGITO APERTE DEORSUM CRUX.
Marie Howell;2023-03-08;2107.46;Office;Recusandae sono degenero demulceo carpo aperio curo charisma circumvenio.
DOREEN BOSCO;8/9/2023; 1165.90 ; FOOD ;Terra vero tremo cogo magnam corona.
  Donald Lockman  ;13/11/2023;7649.99; Food ;Sto dapifer modi animi.
Laverne Stracke;2023-05-08;473.67;Office;Studio dolorum calco tempus paens degero.
Tina Conn Jr.;2023-05-02;5489.39;Health;Maiores aperio dolores comminor doloremque libero autem.
Phil Vandervort;4/10/2023;1393.80;Travel;Vulgus perferendis ultio tempore curso textilis quisquam varietas.
doyle hammes;2023-05-13;1868,52;Other;Decet depulso subito.
  PETE HARRIS  ;5-9-2023;303.76;Other;vestrum deserunt solum vado antepono vindico.
Bryan Schulist;2023-10-22;5022.95;Other;TOLERO TITULUS CARMEN DICTA ADHUC APTO VELIT MOLLITIA.
CARRIE UPTON;27/2/2023; 8431.10 ;Food;AETERNUS CAELUM TEXTOR DOLOREMQUE CARITAS EOS TAM CREDO.
WENDY STROMAN;2023-11-22;9322.81;Office;ter voveo solvo solium thorax.
Thomas Schoen;7-2-2023;7359.21;Other;incidunt officiis coniuratio.
  Steve Halvorson-Rau  ;3/9/2023; 9041,88 ;Office;Vereor laboriosam patruus decet.
Dr. Clyde Fay;24/12/2023;3906.28;OTHER;Quos ante compono.
Nora Funk;9-18-2023;4901,43;Office;Artificiose appono utrimque vespillo aeneus ultio deduco torrens canonicus patrocinor.
BENNIE JOHNSTON;2023-10-18;6191,08; TRAVEL ;Vereor volutabrum bellicus synagoga ulciscor demum.
roland krajcik;9-2-2023;9177.32; Other ;Tonsor causa adversus depopulo aro expedita.
  Stewart Muller  ;4-18-2023;2382.42;OTHER;Ea sui cruentus via asperiores.
Joe Haag-Corkery;8-31-2023;6301,02; office ;Velociter alienus temptatio.
MRS. LILLIE BAILEY;9-21-2023; 7064,11 ; travel ;titulus arx arca deputo infit decet advenio comprehendo sequi vulgivagus.
Alyssa Murazik;2023-09-22;9277.31;OTHER;Adamo tristis substantia adeptio numquam stips conspergo sit ars.
  Melvin Hyatt  ;3/8/2023;5173.74;Other;Itaque tamisium bis aveho pecus.
Robyn Boyle;1-14-2023;5118.45;OFFICE;uberrime thema acer suscipio tricesimus adsum contego viscus.
Joanne Reilly;11-21-2023;2039.53;Travel;SOLUS IUSTO AMPLUS HARUM CONITOR DAMNO.
sherri johnston;2023-06-21;8952.50;Other;delibero theatrum curvo triumphus.
  DERRICK BARTON  ;10-6-2023; 1870.52 ;Travel;comptus stabilis reprehenderit compono varius.
BOBBIE BLICK;2023-05-07;3999,01;Travel; NULLA AMO UNDE AMARITUDO CARPO UMERUS CUPRESSUS. 
Larry Okuneva;2023-04-25;2935.18;food;ARMA DEMERGO STO ODIT COADUNATIO.
Ken Kling;5-30-2023;6414,53;Other;Cedo aestas aeneus.
ernesto stanton;24/5/2023; 9858,35 ;Office;Vitae ulciscor cohors quidem desipio.
  Miss Lynn Nicolas-Stark  ;13/4/2023;5967.77;Travel;Vilitas testimonium terminatio celebrer tempora delego.
roman langworth;14/1/2023;9209.21;Travel;ACCEDO VOLUPTAS ASSENTATOR AMICULUM ABSCIDO CLAMO TALIS CLAMO MOLLITIA.
Guillermo Howell;25/8/2023;7831.96;office;Denuncio comitatus audentia arca ratione suscipit spectaculum adeptio textilis.
SAMANTHA WEHNER SR.;8/8/2023; 1534.61 ;travel; Adnuo peccatus explicabo dolorum quisquam sum demitto auctus error. 
nick rogahn;6/11/2023;1063.93;Office;crudelis clibanus aveho accendo spargo assentator.
ELEANOR POLLICH;23/2/2023; 7743.34 ; Office ; Vicinus suggero aggero deficio natus aliqua ventus administratio tergum alioqui. 
MONIQUE HOPPE;2023-11-11;6820.98; Food ;Clementia vinitor argentum tabula.
Eula McLaughlin;9/5/2023;3045.68;other;SUMMOPERE TERO VERSUS SYNAGOGA.
Maurice Tromp;27/10/2023; 8309,22 ;OFFICE;tempus curia triumphus corpus adsuesco titulus spiritus valeo architecto curatio.
  DAISY BEATTY  ;24/5/2023;1620.66;Other;comminor cedo demergo ulciscor sopor architecto valde copiose vir.
Dr. Tommy Kunde;12-17-2023;8956.65;Other;Deficio laudantium sustineo cursim tondeo crepusculum cado videlicet degero.
Opal Hodkiewicz;2023-10-12;5638,68;travel;Appono charisma perspiciatis creator decretum decor tripudio constans tardus conduco.
  April Kuphal  ;2023-01-23;5571.67; Food ;Solitudo spiculum tamen catena thesis sapiente recusandae accusamus verecundia.
Dr. Meredith Wunsch;2023-01-27; 925.56 ;Travel;Soluta basium comes theologus universe absens copia.
gilberto homenick;1/7/2023; 2317.59 ;Travel;Subnecto amicitia crinis accendo.
  Preston D'Amore  ;3-14-2023;7468.69;Office;Strenuus auditor iste.
  SALVADOR KUNZE  ;2023-12-29;771.19;TRAVEL; Quidem deduco arbitro porro deleo via. 
Allen King;2023-09-23;3784,71;Office;Audacia cibus bellicus creptio acceptus voco.
bradley morissette iv;1-12-2023;1164.37;health; Consuasor ater ventus laudantium denuo cilicium. 
Ernestine Parisian;8-8-2023;1257.38;Health;Viscus apto certus sui decerno summopere bis dignissimos ex demergo.
  barbara watsica  ;2023-07-25;833,96; Travel ;Maxime paulatim carpo.
  Earl Franey  ;2023-06-09;8189.05;Other;Colligo vae cetera comminor utique cimentarius eaque.
leroy ondricka;12-9-2023; 5355.87 ;Office; Reprehenderit cerno statim sum dignissimos thema. 
Kelly Ryan;2/3/2023; 5511.30 ; Travel ; Patior undique chirographum ipsam calamitas urbs temperantia agnitio viscus antiquus. 
LYNN MILLER;2023-10-02;3189.33;Office;odio vigor decimus.
Marcos Emard;1-27-2023; 2665.00 ;health;Vix accedo minus alienus curriculum maiores.
DR. CAROL FARRELL;4-21-2023;7037,23;Travel;Aeternus solium tandem comprehendo cumque coruscus ea.
ROSA BOYER;21/1/2023;7340,87;Other;Sulum vobis combibo enim vel arca pecto complectus.
Ramona West;2023-02-01;3930.94; Food ;TIMIDUS CARBO URBANUS SUBVENIO COMBURO CORREPTIUS DESPARATUS ANSER VERUS ISTE.
IDA DENESIK DVM;15/5/2023;2899,50;Other;Amo acquiro terebro.
  Bonnie Konopelski  ;6/8/2023;2773.37;Food;Decretum cupio vado corroboro cruentus arceo.
mr. marco deckow;5-30-2023;6641.09; Office ;universe aperte vehemens.
Rosie Spinka;2023-08-01; 8428.42 ;Travel;Vilitas comedo crustulum abeo crur.
ANGELINA GIBSON;18/11/2023;8426.83;OTHER;A patrocinor facere deputo communis tunc porro paulatim solio defaeco.
Maria Turcotte;2023-11-29;6733.21;office;Creo ambulo depopulo attollo vomica abeo xiphias cibo ducimus.
Conrad Volkman-DuBuque PhD;7-19-2023;3817.15;Food;TERGA SAPIENTE CONVENTUS.
Linda Zieme;2023-07-03; 4864.83 ; other ;Rem esse voluptas cunctatio cunabula arbustum talio.
  Roman Maggio  ;2023-04-14;8094.08;OFFICE;TEPESCO DISTINCTIO TAMEN VENUSTAS TEPIDUS.
  Clifton Schumm  ;2023-07-13; 5573.86 ;FOOD;CURTUS AUDEO IPSAM VERBUM UBI ALIOQUI CIBUS ACCUSAMUS.
Michele Keebler;23/9/2023; 7806.27 ;travel;Tui tertius caecus tertius.
Don Gutmann;7/9/2023;8727.16;Other;cupressus bellum vomer civis cognatus sustineo voluntarius.
  candace schroeder-graham  ;2023-04-05;4767.00;FOOD;Succurro aedificium vomer cometes vulgo eaque cresco cariosus.
Tyler Hills;13/9/2023;3728.84;travel;In spargo videlicet cinis.
  belinda kilback phd  ;2023-10-15;7134.99;Travel;SOLLERS PECTUS VULGO VERECUNDIA AESTUS SUPER.
Tracy O'Keefe;13/4/2023;7035.44; Food ; Amoveo thermae absens villa cado sustineo adimpleo. 
lamar stokes;7/2/2023; 7243.45 ;Other;Cohaero odit laudantium damno dolores subvenio video velut ter umquam.
marcos rau;4-28-2023;5004,59;health;CONTABESCO UMQUAM PATIOR SUMO EARUM.
Arnold Hoeger;21/5/2023;7556,33;Health;CAPILLUS CINIS SUNT SOMNICULOSUS CIRCUMVENIO LABORUM SOLUS TENETUR.
DANNY TURCOTTE;15/1/2023; 3240.97 ;other; Civitas consectetur cursim illo unus thorax deleo. 
nina satterfield sr.;22/6/2023; 4560,68 ;Travel;Voro asperiores assumenda apto.
tamara schumm;6-18-2023;3394.81;Food;MINUS SINT SOLUM.
Ronald McDermott;2023-03-21;4876.15;other;Animus tepesco annus tremo vel substantia distinctio apto tabesco patrocinor.
shelia rempel;27/8/2023;7808.48; Other ;Dicta talis facere decimus damno certus verecundia.
Shelley Bartoletti;1-29-2023;725.57;Health; Ultio comprehendo speciosus adhaero curto. 
Darren Fahey;2023-11-02;3314.82;Food; Spiritus defleo cogito consectetur vorax subito. 
Emilio Davis;7-22-2023;176.29;Food;Strenuus theca carmen conforto.
Scott Welch;7-30-2023; 25,65 ;OTHER; Quidem capillus defleo amplus cubicularis virgo trucido defungo. 
CLAY COLE;7/1/2023; 1047.97 ; travel ; occaecati aegrotatio illo. 
josephine mills;3/7/2023;7157.80;Other; Admoveo tabula adulatio sonitus vorago calculus tergum victus eum vigor. 
  Mona Brakus  ;2023-11-28;6913.80;HEALTH;Sit illum eveniet minima eos demitto.
MR. ALONZO KUHN;12-12-2023;8401.64; Food ;Natus officiis aequus triduana.
Dr. Carol O'Kon;10/1/2023;9080.81;Office;credo surgo quam volubilis voveo tonsor acidus tyrannus abscido.
Wesley Baumbach;2023-01-08; 4838.83 ;Travel;ODIT ANSER SPERO AMBULO TENEO.
Elsa Larson;2023-04-01;7531.18;Travel;Ver corona recusandae apud adfero cognomen deficio molestiae.
  ELEANOR HEGMANN  ;12-10-2023;5402,23;HEALTH;COLLIGO TITULUS DEFLEO ISTE CUI IURE CUNAE VIRGA APPONO CUBO.
  raymond barton jr.  ;10-28-2023;6940.02; other ;Canto audax aptus tener tenax.
Mattie Renner;12-11-2023;2846.63;Office; vado careo certus inflammatio valeo texo officia volutabrum adulescens culpa. 
Latoya Quitzon;2023-09-16;5290.17;HEALTH;CUBITUM CANDIDUS CEDO ARGUO DENUNCIO.
mr. anthony stroman;3-8-2023;9589,37; Food ; Vado quos spes. 
Dr. Jose King;2023-04-20;8838.65;Office;Claustrum in tertius ter tendo suasoria copia atque.
Donald Wehner;6/10/2023;317.40;Health;Tener demonstro repellat vespillo tonsor.
  Mr. Santiago Schulist  ;2023-07-15;6169.17;Office;certe confero cicuta spargo modi deserunt circumvenio conduco repellat impedit.
Fredrick Schmidt;12/3/2023; 6982,76 ;OTHER;Campana arcus sufficio ut cupiditas toties carus thesis.
WILLARD FERRY;2023-10-21;845.98;Office;Demitto capitulus tenetur reiciendis tremo agnitio articulus.
Sadie Hyatt;7/5/2023; 7880.63 ;Office;Acervus tactus accusamus apparatus canis artificiose.
Anthony Botsford;10-13-2023; 5352.50 ;travel;speculum consuasor enim celo sodalitas texo.
damon donnelly;2023-02-25;1416.54;Food;Rerum solum blanditiis curso valeo circumvenio deficio.
oliver hudson;19/6/2023;1523.08;Food; comitatus sumptus officia vel. 
Julia Osinski;7-2-2023;430.89; Food ; Trepide spectaculum depono cribro aedificium comitatus demens tandem. 
Betty Schimmel MD;2023-12-24;1659.53;Other;cibus alienus admoneo vitae ater animadverto.
CLAY BROWN;2023-09-28;3068,95;HEALTH;Arcesso cupiditate compello eveniet.
  Wanda Frami  ;4/6/2023;9051.55;Food; Theologus repudiandae alias. 
  Edith O'Connell  ;2023-04-06; 6405,31 ;Office; defessus praesentium adeptio comprehendo decerno tamquam. 
lila effertz;2023-06-17;9786.15; TRAVEL ;Villa uberrime quidem cohors benevolentia quos cado damno doloribus volubilis.
  dr. johnathan streich  ;2023-11-19;7985.10;Office;Crastinus comes clibanus.
  DANIELLE GRADY  ;2023-08-30;9607,89;Health;BENIGNE ABSTERGO UNUS TERO ADMOVEO TIBI ADHUC.
Jane Boyer;2023-03-01;7869.30;Food; delinquo utique sit. 
Isabel Schneider;1-11-2023;3860.74;Other;pauci crux ipsa depono valetudo color tenax tero.
Elbert Davis DDS;1-21-2023; 6090.52 ;other;coma vito alo vorago beatus terebro vulgus stabilis volup.
warren baumbach;10-9-2023; 6279.47 ; Travel ; Deripio cogo ara coadunatio delego conforto blandior acies conitor. 
Miss Luz Boehm;2023-09-04;3742,44;FOOD;Compello subseco texo subvenio voluptas sumptus vulnus adopto cattus.
  dr. robert watsica  ;13/12/2023;1125.45;Travel;ea tondeo crastinus tardus aiunt defluo maxime damnatio doloremque tredecim.
Lucy Hudson;3-9-2023;5928.44;office;Admitto ars demonstro caute.
wilma lynch;4-9-2023; 9044,43 ;office;CORRUMPO FUGIT AGGERO EAQUE CENO.
Gina Aufderhar;2023-02-23; 1471.54 ;Food;Rerum solium coadunatio cohors coma.
Sam Leuschke;5/10/2023;1010.99;Health;TIMOR COHAERO CULTELLUS EXPEDITA APPARATUS.
Kristine Raynor;2023-02-11;1015,43;Office;decet terror tabesco comis coadunatio aegrus vereor.
  Sophia Mitchell  ;26/8/2023;933,72;Travel;Tubineus culpo templum.
Dr. Arturo Langworth;2023-09-13;6219.29;OFFICE; averto titulus adsidue harum condico. 
Maurice Hartmann;11-26-2023; 2417.33 ;HEALTH;Coruscus ancilla pectus cultellus vobis conitor adstringo aegrotatio.
Jerald O'Keefe II;3-21-2023;8411.54;Travel;Cogo sulum ascisco vesica dignissimos apparatus bardus tego sui valens.
miss jeannie gusikowski;25/6/2023; 9553.07 ;Office;TAMEN VORAX CURSO SUCCURRO ACSI DELIBERO DOLOR TERMES ADAMO.
  Dr. Vanessa Orn  ;5-7-2023;9336.67;Travel;Beatae iste vitium.
  Mario Ledner  ;9-8-2023; 1391,15 ;HEALTH;Approbo tricesimus vita aveho pecto vilis cura.
BARRY SCHULTZ-UPTON MD;5-28-2023;3831,80;Food; CURIS CRUR TANDEM ATER CENACULUM SOLITUDO VOLUPTATES DOLOREM SUFFRAGIUM. 
  Randy Wilkinson  ;2/12/2023;3904,25; Travel ;tenax temptatio armarium.
Eddie Konopelski;7-18-2023;7360.09;travel; quidem charisma tamisium ter arbor aequus odit facere tergiversatio. 
NOAH DAVIS;2023-04-09; 7528,39 ;Food; ADIPISCI CIMINATIO RECUSANDAE. 
Roderick Murphy;7-5-2023;9904.80;Other; Alius crepusculum valens copia sui spes. 
Glenn Dicki;24/4/2023; 658.20 ;Food;Turpis tametsi inflammatio canonicus blandior calcar.
henrietta harvey;2023-08-23;6052.77;Health;Creator ceno abundans peior adsidue.
Grace Dickinson;2023-05-08;5554.32;Travel;ACIDUS VOS VOVEO PATIOR VOLUNTARIUS DEPRECATOR SPICULUM SUPPONO LABORUM ADVENIO.
Ms. Jan Gulgowski;3-30-2023;747.48; Travel ;laudantium reprehenderit caveo admiratio vallum.
MARCO BRADTKE-DOOLEY;10-22-2023;4202.63;Travel;Itaque vis utpote adipiscor cilicium ustilo spectaculum placeat demonstro.
  Lindsay Hills  ;27/1/2023;6853.55; other ;Tero convoco vitae averto succurro vinco agnitio expedita.
Miss Kara Gerlach;5/3/2023;5491.87; Health ;curriculum cruciamentum sponte.
ANNE CONN;2023-05-05;4882,63; office ;Quo venio recusandae speculum.
Lucy Bins;20/5/2023;7965,55;Office;Vobis constans cultellus adaugeo cinis cursus veritas asperiores careo.
Susie Wolf;4-17-2023;2766,47;other;TREMO ADFERO ADIMPLEO SOLLICITO QUAERAT.
Barry Oberbrunner;9-30-2023; 7713.63 ;other;ubi caveo acceptus.
Jessie Adams;14/12/2023; 5107.81 ;travel;Universe crux succedo supellex occaecati tremo vilis antepono curto.
Francis White;12-4-2023;7248.68;Health;Talio minima vitium saepe adicio charisma acer utpote.
Angel Blanda;2023-04-15;4992.60;OTHER;Aptus aurum patruus conatus.
Dianna Torphy;10-30-2023;6500.55;office;Subito commemoro virgo magnam velit cum certe quisquam.
Andrew Becker V;11/9/2023;458,76;Travel;Arcesso eveniet repellendus ratione dedecor conicio alter vereor voluptatem carmen.
Cesar Homenick;29/9/2023; 7048.83 ;Health;CETERA VIA ISTE CHIROGRAPHUM TIMIDUS DEPUTO APTUS DOLOR URBANUS COLLIGO.
Georgia Lowe;2023-04-18;7310.46; food ;Cibus vaco terminatio.
Van Paucek;2023-05-15;2983.36;Travel;Laudantium nihil desidero sum cariosus caste stipes.
Roosevelt Purdy;2023-06-10; 4686.87 ;Office;Speciosus cubo delego cohibeo tenus aperio umbra vomer deinde.
Mr. Carlos Ledner Jr.;7-27-2023;7016.98;Other; VOMER ALVEUS DESIDERO COMBIBO SUFFICIO VORAX ASPORTO CAPILLUS CREPUSCULUM CAELESTIS. 
Dr. Robyn Macejkovic-Aufderhar;10/7/2023;5810.33;other; Terra corpus centum. 
MRS. FLORENCE SIPES;22/5/2023;3790.13;FOOD;Defessus apto sordeo terminatio fugiat eius victoria.
Barbara Wintheiser;2023-03-29;159,42;Office;Bellum solus umbra delectatio charisma peccatus thema.
Roosevelt Breitenberg III;2023-10-31;5206.08;Travel;caecus vulpes distinctio.
Jessica Blanda;1/12/2023;6927,30; Other ;Cresco stabilis vesica iure dolorem.
georgia wintheiser;5-21-2023; 7630.47 ;Food;admiratio absorbeo aeger vito confugo bellum temeritas verto magnam.
  Cody Connelly  ;8-29-2023; 1955.36 ;OFFICE; VOLVA REICIENDIS ADOPTO CAUTE SOLIO BELLUM DEDICO UTILIS ASSENTATOR TRUCULENTER. 
Arlene Ullrich;21/8/2023; 2128.40 ;travel;Pecto vivo asperiores ipsam amaritudo thalassinus.
jim keeling;2023-01-02;6250,86;other; Verus chirographum tabella. 
  georgia kihn  ;9/1/2023;7251,68;office;COMBIBO ATQUE SOLUTA AGER COLLIGO PAX TERMES SUBSECO.
jamie wisoky;1-11-2023;9217.44;office;Summa vomica confugo cohaero.
Della Cummings I;26/1/2023; 4750.81 ;other; dedecor ustulo testimonium valens. 
ANTONIO MULLER;26/1/2023; 6875.82 ;Health;Quis cibus avaritia laudantium caecus.
Nina Rice;26/6/2023;5794.88;Office;Dolores comptus odit sollers uredo comparo.
Sheila Cartwright;29/3/2023;8647,67;Food; Demonstro cogo creta. 
Bobbie Raynor;2023-07-16;8948,42;travel;CARUS TREMO AUTUS COLLUM SAEPE SPERNO SOPOR INFIT TIMIDUS CASSO.
TERRY ORTIZ;18/10/2023;6172.06; OTHER ;AUT LABORIOSAM SINT.
  Percy O'Connell  ;6-4-2023;2562.50;Office; Accusantium arx charisma textor. 
  Miss Isabel Crooks  ;2-1-2023; 88.70 ;FOOD;aetas suasoria vaco sub custodia cunctatio valeo amor.
Susan Mann;6-30-2023;4395.51;Travel;Benevolentia adimpleo accedo utrimque porro debeo calamitas.
ANDREA BASHIRIAN;4/3/2023;1819.60;Food;Depromo decor basium a accedo brevis.
Tanya McCullough;1/10/2023;8975.46;TRAVEL;Quisquam cometes fugiat antiquus vociferor.
Armando Reinger;14/5/2023;7141.95;Travel;Vorago volva denuo.
Emanuel Moore;11-25-2023;4439.44;Other;Tremo adicio tui.
Lora Morissette;2023-12-21;34.06;OTHER;Debilito carus creator theologus caritas charisma degusto.
  Chris Mayer  ;5-18-2023;5530.97;Travel;Suffoco laborum tubineus.
  Jerald McDermott  ;25/12/2023;1076.19;Food;Ascit officiis voveo incidunt dapifer fugiat.
Ora Becker;25/11/2023;7277.07;Health;Balbus credo audeo video ago comburo assentator tollo altus.
Judy Hegmann;2-6-2023;2094,82;TRAVEL;cursim aureus coma solium acquiro dicta corporis velum.
Lila Collier;12/1/2023;6815.02;Travel; Vinco conicio apud. 
nathan gutkowski;10-6-2023;4160,34;Health;Basium ullus correptius arca delego curiositas adamo adiuvo.
  FREDDIE CONSIDINE  ;4-9-2023;6681.80;Other;Magnam strenuus cognatus damnatio vesper universe celo colo vitiosus articulus.
  Franklin Cronin  ;4-7-2023; 4565.21 ;health;temptatio speciosus molestias.
MS. MAXINE FERRY;9/8/2023;9388.60;Travel;CATENA ADSUM TEXO.
Ken Jacobs;8-29-2023;5080.90;Office;Cedo venio debilito talis harum aestivus vergo ager utrimque super.
mr. milton murazik;2023-03-05;3633.78;other; Sequi adulatio urbanus sodalitas suppellex verbum territo clam sollers demitto. 
Joseph Vandervort-Boyle;18/10/2023;2071.66; TRAVEL ; Summopere arto commemoro admiratio astrum. 
Dr. Marvin Hegmann;2023-09-23;4008,97;Travel;Suspendo solio currus ciminatio valetudo callide cras voco.
Mr. Darrin Klocko;12-13-2023;2200.23;travel;talus chirographum altus arma aestivus canto.
LOLA WILKINSON;2023-08-16;1691.98; other ;Denique avaritia ad culpo blandior ustulo tondeo porro carcer.
  fred feeney  ;10-7-2023;8023.66;Food;Adiuvo subvenio quis corroboro eos.
BRADLEY BRUEN;24/4/2023; 8230.17 ;Office; ADDO ENIM TERMINATIO CREBER ULTERIUS CANONICUS DERELINQUO. 
kim jaskolski;26/7/2023;2036.80; TRAVEL ;PECTUS VICTUS VENIAM RERUM CICUTA BONUS.
wilson boyle;4-24-2023; 475,94 ;OFFICE;AUFERO STULTUS CURRUS SURSUM PATROCINOR AEGRUS BASIUM QUAERAT.
LETICIA SWIFT;6/6/2023;1924,92; Travel ; concedo benevolentia adopto crepusculum earum. 
ms. joanna pacocha;1/7/2023; 5234.63 ;Other; Magni placeat sursum viriliter. 
Mr. Gregg McLaughlin;8-19-2023;4843.38;other; audacia alienus temptatio spiritus tribuo. 
  Norman Schmidt  ;2023-03-31;5211.03;other;Combibo arcesso timidus arma.
Alton Stark;2023-01-06;5630.34;Food;degusto aeger cauda cubo.
LOUIS STOKES;2023-08-31;6182.11;Travel; Argentum cupio tenus cultura. 
Melanie Spinka II;2023-01-01;1512.29; Other ;Torrens tripudio vestigium cubo unde modi.
Eric Conn;11/2/2023;6892.95;travel;Vulgivagus desipio consuasor vacuus.
Miss Judy Durgan;2023-07-13;3952.90;Other;Vulgaris cado vulgus vis deorsum cohaero conitor depopulo claustrum.
cynthia reinger md;3/8/2023;8333,86;office;nesciunt caelum usque delego barba toties.
DANIELLE HEIDENREICH;23/9/2023;4562.95; travel ;DEFETISCOR BENE CRINIS CARIOSUS AMISSIO CONSPERGO CONSECTETUR.
Paul Murray;2023-05-18; 9480.79 ; office ; Velociter succedo corroboro repellat auxilium tunc perferendis. 
  Judy Abernathy MD  ;2023-02-14;6083,20;OTHER;CONSTANS ARX SOLIO SUBNECTO ARA CONVOCO UNDE DELICATE TURBO CIRCUMVENIO.
ROSEMARIE BALISTRERI MD;2023-12-30;5055,68;Travel;Saepe comedo modi pecto defungo sto provident.
dean schuster;17/5/2023;5346.80;TRAVEL;QUO ITAQUE ADVOCO VALIDUS ACIDUS CENSURA.
pablo hoeger;6/2/2023;6557.16;Health;Cilicium quas acerbitas cohibeo delectus tero accusamus crustulum.
Penny Paucek Jr.;13/1/2023;6166.77;food;Modi vae cattus tam ventito dignissimos.
Ray Dietrich;3-7-2023;7816.94;health;Civis damno pel ventito tantillus vereor verus attero cupiditas supellex.
COREY FADEL-CARROLL I;7/10/2023; 4809.72 ;OTHER;voluptatum tabella succedo est spero solio vallum beatae tardus.
Belinda Harris;2023-06-08;4391.68;Travel;Denuncio deleniti assumenda.
Pauline Parisian;2023-04-10;7543.88; Travel ;Creta unus toties eveniet cattus cariosus demoror exercitationem.
Monique Quigley-Boyle PhD;12-7-2023;5291.20;Other; Supra sumo vis thorax virgo angustus aurum cena adfectus vinitor. 
  Hector Pfannerstill  ;5-30-2023;4876.55; food ; VOLUPTATEM COHIBEO BOS SUB VELUM. 
MISS ANA RUSSEL;10/6/2023;3107,21; FOOD ;Vox dolore crustulum vergo solum.
Dr. Leland Connelly;11/11/2023;2945,23;Other;Degenero desino adfectus damnatio.
  Mr. Tyler Kassulke  ;2023-08-03;4657,86;Food;BALBUS VILICUS CIMENTARIUS SPARGO TABGO TRADO COMBIBO UTERQUE SUFFRAGIUM.
  Eddie Franecki  ;31/1/2023;6819.50;Office; Abutor tenax cunctatio benevolentia. 
Brandon Waelchi;4/1/2023; 8892.05 ; Food ;Patruus claustrum subiungo auxilium.
floyd murazik;2023-07-29;2090,93;Other;communis patruus vir conitor attonbitus et.
geneva reichel;2023-07-08;4315.89;Office;aiunt tum nesciunt appono conforto usitas laudantium centum cervus vigilo.
RONALD RUNOLFSSON;11-20-2023;1609,67;Food;Velociter averto adinventitias caterva audax.
Mr. Delbert Mayer;13/8/2023;6502,15;Travel; auditor ancilla volutabrum depulso viscus cursus. 
MR. TED NOLAN I;2/6/2023;9883.67;Office; currus vinitor celer defungo amplus velit. 
EDGAR JAST;2023-11-30; 886.49 ;Health;amplitudo supellex aqua patria voluptates viscus curatio harum cetera degero.
  mary towne  ;3-16-2023;8155.26;Other;Deprecator defluo voveo caritas quaerat appello thema.
Helen Strosin;2023-08-25;8625.60; Food ;Bardus soleo cimentarius suppono arcesso bis provident studio nesciunt volva.
  Carrie Bauch MD  ;31/8/2023;205.21; Food ;Amet tandem communis adhuc angelus tui mollitia.
miss belinda dietrich;15/7/2023;6024.21;Office;Aestivus deporto corpus adipisci claudeo sophismata.
Louis Ziemann Sr.;2-14-2023;2342,94;Other;adaugeo arguo aequitas carbo adeo deinde spero.
GORDON VON PHD;1-15-2023;4530,06;Travel;deorsum absque cometes.
harvey heathcote;2023-09-10;5428.38;Office;Despecto administratio assentator undique.
Christie Mertz;3/5/2023; 1937.96 ;food;Arbitro urbanus spero spero timidus tertius.
  dianne frami  ;2023-07-13;402.73; Office ;TOTAM TEGO ADIPISCI BELLUM.
Daisy Heaney MD;6-15-2023;3363,30; Health ;Virtus eveniet tres antiquus corroboro sursum spiculum.
  Esther Rolfson  ;3-25-2023;315.45;Health;Adeptio culpa spes chirographum aetas sumo cariosus coniecto.
  Lila Russel  ;4-26-2023;4536,93;Travel;Cubicularis thorax volaticus.
Donna O'Connell;29/11/2023;8401.02;office;Officiis ager vulgus vel.
Marlon McLaughlin;29/4/2023; 338.98 ; Other ;Bis conservo cui spero solum copia.
  Darlene Bruen  ;6/3/2023;796,32; other ;Temperantia vilitas confugo thermae causa adfectus derelinquo.
Courtney Thiel;10-8-2023;9547.47;Office;Torqueo tricesimus acervus turba temperantia clarus blanditiis tabgo.
willie beatty;19/12/2023;9708,98;Travel;Succurro thema tolero.
  Israel Hayes  ;25/11/2023; 2888.74 ; Office ;compono causa conicio decretum vomer celo sumo.
Eugene Macejkovic;1-21-2023;1175.59;Office; Cupiditas cogito depromo quas cattus quidem reiciendis credo absconditus cado. 
  JOSEPHINE LOWE  ;22/6/2023; 5278.03 ; Other ;Cervus degenero ciminatio aptus demoror xiphias.
alexandra ebert;28/9/2023;395,14;HEALTH;Aufero calculus decumbo sto turbo copiose.
stella cormier;13/4/2023;104.69;Office;Comptus decipio vesica doloremque placeat valetudo.
Julius McDermott;2023-05-17;8836.78;Other;Decor modi turba veritas caecus quos laudantium thermae.
Ashley Murazik;9-9-2023;6655.88;Office;VETUS ADIPISCOR SUFFRAGIUM.
Lindsey Walter;10-1-2023;590.86;Food; Numquam victoria admoneo desparatus caterva spes adflicto. 
Joanna Brekke;7-8-2023;5275.63;Food;Tener commemoro careo arceo debitis supra centum velit.
Melissa Sawayn;3/12/2023;8778.11;TRAVEL;Cursim unde talis carbo coaegresco coma vigor voluptatibus auctus.
  Horace Upton  ;2023-08-02; 5783.32 ; Office ; Sperno conculco umerus. 
Edna Waters;25/6/2023;1480.01;Food;Coma venustas anser vulpes consequatur accusantium delectatio conturbo.
Tamara Senger;12-22-2023;9040.61;FOOD;Surgo adsidue pel amplexus.
  Sue Koch  ;2023-06-10;2139.11;other; Quam cernuus corrigo dolor. 
Bert Ledner;9-7-2023;9910,21; Other ;ANIMUS UT VOLO ADICIO DESIDERO CAPUT AMBITUS TYRANNUS CREDO EST.
GLORIA PFEFFER;22/12/2023;839.70;Travel;Ago cilicium thermae thesaurus tibi turba aqua impedit quidem decumbo.
  Fannie Barton  ;2023-11-29;8487,29;Other; TOLLO DECUMBO ULTERIUS TEPIDUS. 
Anna Fay;8-10-2023;1315.91;travel;Candidus consequuntur provident adficio attollo.
Sharon Senger Jr.;1-10-2023;5893,67;Other;Tamen suffoco verbum tempora terebro denuo beneficium doloribus tribuo.
zachary spencer;26/5/2023;9635,47;Office;depopulo spiculum tenuis.
bonnie skiles dvm;13/11/2023;1907.20;OFFICE;Adipisci comminor super angulus vitae curto.
mitchell bergstrom;2/12/2023; 2871.47 ; other ;ADVENIO APERIO VALLUM VIDUO NECESSITATIBUS CAUTE AUDITOR CUBO SUBIUNGO INVENTORE.
shelia roberts;15/5/2023;6905.68;Food;cauda suus aeternus.
cecelia vandervort;2-9-2023; 2108.67 ; travel ;Deficio astrum depono.
Angel Reinger;2023-05-12;1028.60;Office;sophismata bonus delectatio cito acervus in ex thymbra nam verecundia.
LETICIA PREDOVIC SR.;2023-10-17; 750,16 ;Other; Cernuus comburo quam auctus adimpleo labore suffragium claudeo. 
deanna waters jr.;28/5/2023; 280.54 ;Travel; Tardus vomito occaecati voluptate natus charisma numquam. 
Robin Pagac;2023-03-23;4529,95;Other;Tres aegre cibus labore thymbra nemo curso brevis adstringo quis.
Isaac Satterfield-Abernathy PhD;2023-01-28; 716.08 ;Office;Vulgivagus ustilo vulticulus clam.
april walker;2023-05-01; 2491.22 ;OTHER; Demo cunctatio magni decor desidero vitae accusator. 
  DAVE ARMSTRONG  ;2023-06-19;5544.86; TRAVEL ; basium titulus quisquam tutamen absconditus. 
  janis ankunding  ;11-4-2023;5095.66;Office;Animi dapifer spectaculum validus.
  Nicolas Treutel  ;2023-03-03; 8853,11 ;OFFICE;Validus tamquam a eveniet eos stipes delibero tepesco peccatus rerum.
Lila Lehner;6/3/2023;7342.98;TRAVEL;Vitae absens coepi quos aegre cum degero combibo arbor.
alberta dooley;26/1/2023;4586,19;Other;Ver terga suppellex suppellex amor cupiditate nihil facere.
Dr. Aubrey Bosco;2023-09-12;6836.64;travel;Ipsam earum derelinquo colo vehemens ulciscor colligo abundans summa.
  Isaac Little PhD  ;6-1-2023;8982,15; Travel ; Comes vehemens saepe studio. 
lillian wilkinson jr.;8/2/2023;4956.59;Office;Video antiquus vir depopulo tenetur odit vero cras bellum accusantium.
Matthew Cassin;2023-07-04;9754.97; Food ;Velociter complectus tracto tergeo consuasor talio currus dapifer tutamen admoveo.
Nicholas Rice;2023-08-19; 1438.26 ;Other; succedo dicta amiculum trado adaugeo compello. 
sheldon hoeger;2023-12-30;5002.15;Travel;Sumo quo atqui sulum conduco vox pariatur absconditus cubo.
ELSA SCHADEN;11-22-2023;4338.97;health; Adeo ad censura comedo viscus contigo certus capillus similique suscipio. 
MS. MELANIE KUNDE;22/6/2023;7147,75;Other;Deficio aer assentator aequitas conicio.
Kristine Jacobi;2023-11-04;6252,37;Food;Censura minima aperio solvo concedo ullam amissio rerum.
Israel Koss;6-26-2023;4377.13;Other;Tamen volo celebrer vulpes sapiente tandem repellendus.
  minnie smitham  ;6/1/2023;3382,14;Health;Mollitia crinis ullus caelestis officia aperte tenuis summisse cibo vetus.
Willard Rohan;2023-09-21; 3455.69 ;FOOD;CARBO USUS ILLO THECA.
Brian Kovacek;3-9-2023; 1006.29 ;Office;Attollo versus capitulus callide voluptates acceptus eos cupio cum tabgo.
Joanne Crooks;2023-08-16;3934,92; Office ;Adfectus animadverto admiratio beatus vinco aut tondeo.
Jimmy Torp Jr.;22/8/2023;1376,92;Office;Aliquam depopulo avarus blandior eaque.
Julia Ondricka;3-12-2023;9023.84;Health;Tardus pectus maxime tui inflammatio accusator.
  EMMETT RITCHIE  ;2023-01-06;2502.94;Health;arbustum ad administratio desidero dicta stips eligendi vitium adficio.
carole vandervort;16/4/2023;1132.78;Travel; Victus aliquid vallum cognatus debeo fugit umquam architecto corrumpo. 
Elena Gleichner Sr.;9-9-2023;1217,17;OTHER;Tutis caput cerno verecundia fugit certe deprecator delectus.
Sally Stark;21/3/2023;5423,93; Other ;tres clementia adulatio auctor.
Nora Legros;25/8/2023; 2629.75 ;Office;Aperiam denego infit vociferor repudiandae aranea advoco.
LEO STRACKE;15/11/2023;631.39;Food; Decretum ultra repudiandae subnecto alo sol vilitas comprehendo. 
sylvester ratke;1-1-2023;9687,77;Health;Nulla alioqui vulpes.
Mrs. Mable Waters;6/12/2023;1851.25;health;Terebro agnitio amicitia suffoco comis desidero aduro tergiversatio aestivus.
  Katie Waelchi  ;1/10/2023;1005.95;Other;Abscido denuncio bis taceo adsum vilicus.
Clayton Kuhn;2023-09-14;8043.40;Food;DENS URBS NOBIS VINUM VESTER VILLA DEPEREO ABSQUE TERGEO DEMO.
Gayle O'Connell;12/2/2023;6534.68;Office;CREBER THERMAE CERNO VIDELICET ACSI PATRIA IPSA PECTO DELENITI.
Kathleen Kunze;1-11-2023;7041,33;Health;accusamus depereo ut textus vesco hic tres vilicus agnosco.
rex macgyver;2023-09-23; 6547.67 ;Travel;Uxor esse arceo denego crebro tergeo debitis tandem bellum.
Carlos Braun;10/10/2023;4497,36;Health; BESTIA BENEVOLENTIA TERRITO DEFLUO FACERE. 
FLORENCE SCHADEN;22/2/2023; 9279.85 ;Travel;Supellex statim sint solum.
Santiago Runte;2023-01-25; 8877.15 ;Health; Tutis decerno ea arca. 
Lynn Fay;29/11/2023; 9999.34 ;food;Tribuo amoveo vacuus tabesco commodi tenus aqua nihil denuncio.
  Henrietta Connelly  ;2023-06-22;6862,08;FOOD;tergiversatio nobis aperiam cibo molestias convoco arma contigo alias accusantium.
Essie Bergstrom;2023-11-12;3711,58; Food ;Apto solus suadeo quas tandem denuo.
  Preston O'Hara  ;29/3/2023;8809.15;Other;COPIOSE AB TUI CLARO AMITTO STILLICIDIUM CATERVA SUPRA.
  Darnell Pouros-Jacobs  ;2023-07-20;7951.93;travel; Audacia utrimque causa aggredior. 
Clara Mitchell;27/8/2023;4624,06; Health ; ANIMADVERTO DECOR AD TALIS DEMENS CONFERO SUBSTANTIA SUCCURRO VER. 
Patsy Rempel;9-10-2023; 764.95 ;OFFICE; Angulus thalassinus aptus arceo ut sunt quasi ademptio textus. 
SERGIO CUMMERATA;8-20-2023;4002.35;Office;Degusto quibusdam vae deprecator audacia dens.
Jana Braun;9-17-2023;9068.42;Health; Incidunt valens thymbra deserunt theca tenetur. 
MR. IVAN KUHLMAN-DARE;24/6/2023;9982.81;Other;culpa condico minima velut derideo.
Marco Ryan;20/2/2023;6313,74;Office; Ocer voluptates curia recusandae concido delectatio quos. 
  Roosevelt Reilly Jr.  ;23/6/2023;305.22; health ; DESINO DEMULCEO DEFLEO CLEMENTIA FUGIT VENUSTAS SOMNICULOSUS CRUR SEQUI. 
Mr. Roland Braun-Ebert;15/1/2023;9565,58;Food;Defleo absens summisse cometes amissio temperantia stultus caveo.
  Clark Ryan  ;2023-11-08;5199.59;food; Turpis ventito absconditus aggero tergiversatio aliqua ex. 
Kelly Smitham;9-27-2023;8805,68;HEALTH; Considero templum solitudo tabella sursum. 
PABLO CHAMPLIN;2023-06-25;5370.50;Office;auxilium admoneo aiunt centum beatus triumphus dolores velut.
Ian Marquardt;13/3/2023;6911,78; Other ;Attollo circumvenio crastinus tener capto libero asporto tabula.
eunice gorczany jr.;15/11/2023;9213,86;Travel;CUNABULA VOCO TAEDIUM ABUTOR COHIBEO SUFFICIO DELECTATIO ALIAS ADFICIO.
rudolph mante-schultz;6/5/2023;5945,19;Food;Temptatio sodalitas sed iure.
crystal glover;2023-03-22;3759.85;office; CURRUS COAEGRESCO DEMENS VELUM QUOD TURPIS. 
Sam Goldner;4-11-2023;4161.52; OFFICE ;surgo carcer spero et solum audio capio vox delego vestigium.
JILL GULGOWSKI;4-25-2023;9925.60;Office;commodi vilicus derideo quam summopere vorago sint tantum.
carmen bogisich;2023-12-28; 7116.71 ;Health;quo clam tutamen sortitus crapula vicinus verus.
nettie vandervort;3-7-2023; 517.18 ;Office; Architecto vigilo certus amplitudo tot admitto. 
IRVING GUSIKOWSKI;9-27-2023;4930,54;health; Vesper patior temeritas deporto vobis validus. 
Hope Cormier;17/4/2023;5130.24;other;Abstergo laborum uxor utrum corrigo rerum tredecim arguo cometes audio.
  Dan Pacocha Jr.  ;2023-07-05;8016,06;TRAVEL; ATTONBITUS CARBO PERSPICIATIS CINIS DEPROMO VINDICO. 
clara quigley;3-4-2023;8325.68;Travel;Neque demoror doloremque appositus acidus pecto audeo strenuus confugo corona.
Nathan Windler;2023-10-01;3829.27;TRAVEL;VITAE AEGER AURUM ATAVUS VESTER.
Erica Kling;11-25-2023; 3526.76 ;FOOD;Urbs aufero cilicium iste crinis dens.
Frances Goyette;8-5-2023;1427.30;travel;Claudeo odit collum accommodo aegrotatio bardus.
  Morris Goyette  ;7-25-2023;6146.70;office;DENUO VOVEO BOS VILICUS AMET.
Miss Terri Zieme;10-24-2023;6320.23; Food ;Pecco totidem stabilis stultus repudiandae valeo deripio correptius contra.
Matt Pagac;2023-08-16;399.59; travel ;turbo varius desino admitto vivo altus sodalitas turpis a.
Angelica Jacobi;2023-09-06;365.61; Food ;Cribro conservo voluptatum ciminatio peior acies ocer corrupti.
Eugene Schultz;2023-04-02;1718.20;Health;confugo statua ante supra.
Antonia Reichel;2023-10-22;842,39;other;recusandae coruscus dens cometes.
GRANT DECKOW;9-5-2023;8624,90;Health;Adamo suppellex usus numquam.
glen rippin;2023-08-23;9339.23;Food; tot claustrum clam condico adimpleo. 
Eleanor Kozey;10-26-2023;2880.80;Health; Arguo admiratio curtus paens qui audio deludo benevolentia pecco addo. 
Mary Lebsack;17/9/2023;5198.35;health;Tredecim urbanus crux damno.
Clint Thompson;2023-04-21;6389.13; Health ;Sollicito aetas repellendus universe.
  gwendolyn price  ;14/12/2023;1336,07;Travel;Adnuo tenuis labore compono spargo aperte administratio auxilium.
Angel Simonis;12-21-2023; 2740,41 ; TRAVEL ;Venia sodalitas utique magnam ciminatio cuppedia.
Ray Koepp;2023-08-28;6102,86;Other;ADEMPTIO VOLUPTATEM DEMOROR CONSPERGO CONSIDERO VOCO DELEO VIA.
Anthony Abernathy;8-12-2023;4392.67;Food;Auditor conturbo pecto cubo valens contabesco nisi aestus certe.
DALLAS MURRAY;2023-04-23; 5438,37 ; FOOD ;pauci videlicet magni cado.